order_id,customer_id,restaurant_id,order_time,delivery_time,status
O00001,C1234,R041,17-01-2023,17-01-2023 00:43,Late
O00002,C1017,R019,24-04-2023,24-04-2023 00:33,Cancelled
O00003,C0488,R045,17-01-2024,17-01-2024 00:29,Cancelled
O00004,C1452,R086,27-03-2023,27-03-2023 00:31,Late
O00005,C0915,R002,09-01-2024,09-01-2024 01:02,Cancelled
O00006,C1420,R009,18-04-2023,18-04-2023 00:51,Cancelled
O00007,C1476,R001,12-05-2023,12-05-2023 00:33,Delivered
O00008,C0860,R022,17-07-2023,17-07-2023 01:16,Cancelled
O00009,C0720,R070,10-09-2023,10-09-2023 01:08,Cancelled
O00010,C1184,R084,21-02-2023,21-02-2023 01:21,Late
O00011,C0925,R010,26-04-2023,26-04-2023 00:40,Delivered
O00012,C0653,R034,31-05-2023,31-05-2023 00:22,Delivered
O00013,C0349,R114,07-02-2023,07-02-2023 01:03,Cancelled
O00014,C1121,R115,24-03-2023,24-03-2023 00:29,Delivered
O00015,C1443,R004,23-06-2023,23-06-2023 01:21,Cancelled
O00016,C1244,R114,27-04-2024,27-04-2024 00:41,Cancelled
O00017,C0208,R043,22-03-2023,22-03-2023 00:26,Delivered
O00018,C0839,R090,13-05-2024,13-05-2024 00:44,Late
O00019,C0544,R085,05-01-2024,05-01-2024 01:29,Cancelled
O00020,C0197,R007,02-06-2023,02-06-2023 00:50,Cancelled
O00021,C1006,R020,20-10-2023,20-10-2023 01:30,Delivered
O00022,C0876,R012,04-07-2023,04-07-2023 00:20,Cancelled
O00023,C0409,R013,26-02-2024,26-02-2024 01:21,Delivered
O00024,C1308,R038,16-04-2023,16-04-2023 00:41,Delivered
O00025,C0632,R101,31-08-2023,31-08-2023 00:34,Cancelled
O00026,C1354,R034,30-08-2023,30-08-2023 01:22,Delivered
O00027,C0794,R024,25-11-2023,25-11-2023 01:29,Cancelled
O00028,C0757,R024,29-03-2024,29-03-2024 01:08,Cancelled
O00029,C0901,R060,23-01-2023,23-01-2023 00:53,Cancelled
O00030,C1156,R008,26-04-2023,26-04-2023 00:54,Delivered
O00031,C0176,R086,21-01-2024,21-01-2024 00:32,Cancelled
O00032,C0848,R097,18-02-2024,18-02-2024 01:29,Late
O00033,C0125,R108,27-04-2023,27-04-2023 01:30,Cancelled
O00034,C0858,R069,24-02-2024,24-02-2024 01:26,Late
O00035,C1173,R113,19-03-2024,19-03-2024 01:20,Delivered
O00036,C0162,R051,01-09-2023,01-09-2023 00:58,Late
O00037,C1170,R116,18-01-2023,18-01-2023 01:24,Late
O00038,C0247,R097,14-02-2024,14-02-2024 00:38,Cancelled
O00039,C0434,R104,30-03-2023,30-03-2023 00:41,Delivered
O00040,C0868,R011,06-03-2023,06-03-2023 00:25,Late
O00041,C1285,R019,11-08-2023,11-08-2023 00:45,Late
O00042,C1490,R118,13-05-2023,13-05-2023 01:00,Delivered
O00043,C1140,R051,14-02-2023,14-02-2023 01:09,Late
O00044,C1065,R059,16-06-2023,16-06-2023 00:55,Delivered
O00045,C0860,R015,07-02-2024,07-02-2024 01:26,Cancelled
O00046,C1161,R076,18-03-2023,18-03-2023 00:38,Late
O00047,C0217,R073,24-01-2024,24-01-2024 00:32,Delivered
O00048,C1097,R113,07-02-2024,07-02-2024 00:56,Cancelled
O00049,C0541,R050,25-03-2024,25-03-2024 01:12,Late
O00050,C0077,R023,06-09-2023,06-09-2023 01:20,Cancelled
O00051,C1267,R078,26-07-2023,26-07-2023 00:38,Late
O00052,C0080,R051,22-12-2023,22-12-2023 01:11,Cancelled
O00053,C0101,R096,20-12-2023,20-12-2023 00:50,Cancelled
O00054,C0763,R003,16-04-2024,16-04-2024 00:54,Cancelled
O00055,C0637,R036,23-02-2024,23-02-2024 00:58,Cancelled
O00056,C0467,R018,15-03-2024,15-03-2024 00:32,Cancelled
O00057,C0658,R035,13-05-2024,13-05-2024 01:16,Late
O00058,C0385,R057,02-08-2023,02-08-2023 00:31,Delivered
O00059,C0993,R098,12-04-2024,12-04-2024 01:12,Late
O00060,C0116,R066,20-03-2024,20-03-2024 01:07,Delivered
O00061,C1454,R065,03-02-2023,03-02-2023 00:59,Cancelled
O00062,C1165,R004,11-03-2023,11-03-2023 01:27,Delivered
O00063,C0119,R032,09-04-2023,09-04-2023 00:45,Delivered
O00064,C0739,R091,22-08-2023,22-08-2023 00:26,Delivered
O00065,C0951,R065,21-05-2023,21-05-2023 01:07,Cancelled
O00066,C1396,R004,22-11-2023,22-11-2023 00:35,Delivered
O00067,C1217,R058,10-07-2023,10-07-2023 01:22,Delivered
O00068,C1202,R071,06-05-2024,06-05-2024 01:20,Cancelled
O00069,C0530,R096,26-06-2023,26-06-2023 00:40,Late
O00070,C0057,R050,16-02-2023,16-02-2023 00:56,Delivered
O00071,C0454,R083,25-03-2023,25-03-2023 00:47,Delivered
O00072,C0552,R084,13-12-2023,13-12-2023 00:46,Cancelled
O00073,C1398,R002,20-09-2023,20-09-2023 00:22,Cancelled
O00074,C1326,R023,11-04-2024,11-04-2024 00:36,Late
O00075,C0459,R033,15-02-2024,15-02-2024 00:21,Late
O00076,C1460,R091,17-02-2024,17-02-2024 00:59,Late
O00077,C0772,R110,21-05-2023,21-05-2023 01:14,Cancelled
O00078,C0447,R060,24-08-2023,24-08-2023 00:52,Cancelled
O00079,C1278,R051,13-12-2023,13-12-2023 01:26,Late
O00080,C1048,R085,22-02-2023,22-02-2023 00:20,Cancelled
O00081,C0612,R088,15-10-2023,15-10-2023 00:56,Delivered
O00082,C0689,R036,04-09-2023,04-09-2023 00:28,Late
O00083,C0535,R084,16-06-2023,16-06-2023 00:55,Late
O00084,C0386,R020,02-05-2024,02-05-2024 00:58,Late
O00085,C0117,R104,27-01-2024,27-01-2024 00:50,Late
O00086,C1395,R018,26-07-2023,26-07-2023 01:00,Late
O00087,C0606,R034,14-01-2023,14-01-2023 01:23,Cancelled
O00088,C0073,R075,27-07-2023,27-07-2023 01:09,Late
O00089,C0703,R093,20-10-2023,20-10-2023 00:44,Late
O00090,C1308,R101,24-04-2023,24-04-2023 01:28,Cancelled
O00091,C1039,R039,09-04-2024,09-04-2024 01:05,Delivered
O00092,C0602,R013,06-03-2024,06-03-2024 00:43,Cancelled
O00093,C1486,R104,07-03-2023,07-03-2023 00:53,Late
O00094,C1393,R116,26-01-2024,26-01-2024 00:43,Cancelled
O00095,C0456,R046,02-12-2023,02-12-2023 00:31,Delivered
O00096,C0862,R101,17-01-2024,17-01-2024 00:59,Cancelled
O00097,C1200,R038,10-07-2023,10-07-2023 00:53,Cancelled
O00098,C0964,R007,11-03-2024,11-03-2024 00:35,Late
O00099,C0968,R114,26-10-2023,26-10-2023 00:29,Delivered
O00100,C1395,R049,14-09-2023,14-09-2023 00:35,Late
O00101,C0111,R112,02-06-2023,02-06-2023 01:12,Delivered
O00102,C0702,R053,12-03-2023,12-03-2023 00:45,Late
O00103,C0294,R041,02-04-2024,02-04-2024 01:18,Late
O00104,C0999,R043,03-04-2023,03-04-2023 00:30,Late
O00105,C1300,R008,01-04-2023,01-04-2023 01:00,Delivered
O00106,C0429,R098,20-08-2023,20-08-2023 00:55,Delivered
O00107,C1003,R101,23-10-2023,23-10-2023 00:40,Delivered
O00108,C1298,R055,08-03-2023,08-03-2023 01:15,Cancelled
O00109,C0786,R001,08-08-2023,08-08-2023 01:21,Delivered
O00110,C1497,R048,01-10-2023,01-10-2023 00:45,Delivered
O00111,C1088,R025,01-04-2024,01-04-2024 01:01,Delivered
O00112,C1284,R094,13-12-2023,13-12-2023 00:20,Delivered
O00113,C0640,R017,26-04-2023,26-04-2023 01:04,Delivered
O00114,C1206,R040,16-07-2023,16-07-2023 01:24,Delivered
O00115,C0611,R038,03-02-2023,03-02-2023 00:25,Cancelled
O00116,C1222,R068,08-01-2024,08-01-2024 01:26,Cancelled
O00117,C0702,R116,11-08-2023,11-08-2023 00:37,Cancelled
O00118,C0338,R117,03-07-2023,03-07-2023 00:44,Cancelled
O00119,C0460,R094,10-01-2023,10-01-2023 00:49,Delivered
O00120,C1208,R065,19-04-2023,19-04-2023 00:22,Delivered
O00121,C1457,R084,05-03-2023,05-03-2023 01:06,Delivered
O00122,C1096,R080,12-07-2023,12-07-2023 00:52,Delivered
O00123,C1356,R014,01-11-2023,01-11-2023 00:26,Late
O00124,C0099,R089,04-03-2024,04-03-2024 00:22,Delivered
O00125,C0779,R016,02-08-2023,02-08-2023 01:16,Late
O00126,C1438,R020,10-05-2023,10-05-2023 01:20,Delivered
O00127,C0617,R054,22-12-2023,22-12-2023 00:21,Late
O00128,C0553,R080,21-02-2023,21-02-2023 01:26,Late
O00129,C0858,R107,25-12-2023,25-12-2023 00:37,Delivered
O00130,C0579,R015,19-09-2023,19-09-2023 00:35,Delivered
O00131,C1248,R026,12-09-2023,12-09-2023 00:45,Cancelled
O00132,C0414,R046,01-03-2024,01-03-2024 01:26,Late
O00133,C0329,R006,29-07-2023,29-07-2023 00:57,Late
O00134,C1410,R120,12-09-2023,12-09-2023 00:46,Cancelled
O00135,C0006,R002,19-06-2023,19-06-2023 00:50,Late
O00136,C1176,R086,15-02-2023,15-02-2023 00:34,Cancelled
O00137,C1048,R010,18-03-2023,18-03-2023 00:31,Late
O00138,C0525,R083,06-01-2024,06-01-2024 00:32,Delivered
O00139,C0541,R060,22-08-2023,22-08-2023 00:57,Delivered
O00140,C0081,R110,21-02-2023,21-02-2023 00:42,Cancelled
O00141,C0873,R095,04-07-2023,04-07-2023 01:00,Delivered
O00142,C0020,R110,18-02-2023,18-02-2023 00:25,Delivered
O00143,C0674,R046,06-12-2023,06-12-2023 00:41,Cancelled
O00144,C0191,R048,04-05-2024,04-05-2024 00:54,Cancelled
O00145,C0821,R052,04-04-2023,04-04-2023 00:34,Cancelled
O00146,C1413,R109,20-05-2023,20-05-2023 01:09,Cancelled
O00147,C1329,R114,14-02-2024,14-02-2024 01:13,Delivered
O00148,C1426,R093,27-02-2023,27-02-2023 00:36,Delivered
O00149,C0213,R054,27-04-2024,27-04-2024 00:40,Late
O00150,C0372,R079,05-09-2023,05-09-2023 01:16,Cancelled
O00151,C1253,R004,03-02-2024,03-02-2024 01:05,Late
O00152,C0990,R118,26-03-2024,26-03-2024 00:36,Cancelled
O00153,C0903,R006,27-02-2023,27-02-2023 01:12,Delivered
O00154,C0026,R091,14-05-2023,14-05-2023 01:00,Late
O00155,C1372,R112,26-09-2023,26-09-2023 00:48,Cancelled
O00156,C1410,R090,23-09-2023,23-09-2023 01:26,Late
O00157,C1356,R094,18-02-2023,18-02-2023 01:15,Delivered
O00158,C1360,R087,04-09-2023,04-09-2023 01:04,Late
O00159,C1144,R115,17-07-2023,17-07-2023 00:39,Late
O00160,C1318,R120,28-01-2023,28-01-2023 00:21,Delivered
O00161,C1016,R112,16-09-2023,16-09-2023 01:20,Delivered
O00162,C0657,R031,08-02-2023,08-02-2023 01:22,Cancelled
O00163,C0104,R065,11-05-2024,11-05-2024 00:55,Delivered
O00164,C0826,R105,09-10-2023,09-10-2023 01:08,Delivered
O00165,C0910,R103,10-02-2023,10-02-2023 01:18,Late
O00166,C1021,R058,18-08-2023,18-08-2023 00:31,Cancelled
O00167,C1339,R003,02-03-2023,02-03-2023 01:23,Delivered
O00168,C0074,R072,26-07-2023,26-07-2023 01:12,Late
O00169,C1238,R080,01-01-2023,01-01-2023 00:31,Late
O00170,C1152,R027,05-06-2023,05-06-2023 01:25,Late
O00171,C0699,R047,10-12-2023,10-12-2023 01:18,Delivered
O00172,C0931,R043,23-02-2024,23-02-2024 00:48,Late
O00173,C1468,R085,28-01-2024,28-01-2024 01:20,Cancelled
O00174,C0234,R013,02-01-2024,02-01-2024 01:17,Late
O00175,C0700,R046,24-04-2023,24-04-2023 00:20,Late
O00176,C1122,R067,08-05-2024,08-05-2024 00:57,Cancelled
O00177,C0094,R115,26-12-2023,26-12-2023 00:33,Delivered
O00178,C1469,R096,10-09-2023,10-09-2023 00:37,Late
O00179,C0521,R079,29-07-2023,29-07-2023 00:33,Delivered
O00180,C0805,R028,07-04-2023,07-04-2023 00:35,Cancelled
O00181,C1468,R044,27-02-2024,27-02-2024 00:44,Delivered
O00182,C0096,R119,23-01-2024,23-01-2024 01:13,Late
O00183,C0923,R059,04-03-2024,04-03-2024 00:35,Late
O00184,C0276,R064,29-10-2023,29-10-2023 01:24,Delivered
O00185,C1134,R120,29-09-2023,29-09-2023 00:26,Cancelled
O00186,C1042,R100,05-03-2024,05-03-2024 01:21,Delivered
O00187,C1497,R105,21-12-2023,21-12-2023 00:42,Delivered
O00188,C1347,R077,23-02-2023,23-02-2023 01:09,Late
O00189,C1033,R113,27-03-2024,27-03-2024 01:01,Cancelled
O00190,C0561,R051,03-08-2023,03-08-2023 00:51,Cancelled
O00191,C0928,R104,11-05-2024,11-05-2024 00:57,Delivered
O00192,C1234,R090,12-03-2023,12-03-2023 01:12,Late
O00193,C1437,R071,20-09-2023,20-09-2023 00:58,Cancelled
O00194,C1296,R028,31-12-2023,31-12-2023 01:30,Delivered
O00195,C1407,R045,18-04-2023,18-04-2023 00:57,Late
O00196,C1032,R070,09-03-2023,09-03-2023 00:42,Late
O00197,C1455,R015,23-11-2023,23-11-2023 01:01,Cancelled
O00198,C1194,R074,15-10-2023,15-10-2023 01:21,Late
O00199,C1381,R096,30-12-2023,30-12-2023 01:13,Late
O00200,C0027,R067,27-05-2023,27-05-2023 01:14,Delivered
O00201,C0298,R007,13-01-2023,13-01-2023 01:08,Late
O00202,C0547,R097,29-01-2023,29-01-2023 00:45,Delivered
O00203,C0300,R108,27-05-2023,27-05-2023 00:52,Delivered
O00204,C0418,R097,20-12-2023,20-12-2023 00:57,Late
O00205,C0927,R014,17-01-2023,17-01-2023 01:05,Late
O00206,C1326,R072,20-03-2024,20-03-2024 00:48,Cancelled
O00207,C1426,R037,02-05-2023,02-05-2023 01:25,Late
O00208,C0782,R050,07-12-2023,07-12-2023 00:26,Cancelled
O00209,C1131,R007,04-05-2024,04-05-2024 01:00,Delivered
O00210,C0416,R080,16-01-2024,16-01-2024 00:52,Cancelled
O00211,C1298,R091,29-02-2024,29-02-2024 00:48,Late
O00212,C1206,R070,28-11-2023,28-11-2023 01:07,Late
O00213,C1485,R025,05-11-2023,05-11-2023 00:45,Cancelled
O00214,C1399,R010,18-08-2023,18-08-2023 00:42,Delivered
O00215,C1053,R016,07-05-2024,07-05-2024 00:42,Cancelled
O00216,C0572,R072,21-01-2023,21-01-2023 01:14,Cancelled
O00217,C1197,R109,08-03-2023,08-03-2023 00:40,Cancelled
O00218,C0956,R091,03-01-2023,03-01-2023 01:02,Delivered
O00219,C0661,R077,21-01-2023,21-01-2023 00:39,Delivered
O00220,C1005,R102,01-02-2024,01-02-2024 00:58,Late
O00221,C0150,R101,09-10-2023,09-10-2023 01:05,Late
O00222,C0451,R024,12-06-2023,12-06-2023 01:27,Late
O00223,C0327,R054,04-02-2023,04-02-2023 01:24,Late
O00224,C0189,R045,02-10-2023,02-10-2023 01:11,Delivered
O00225,C1359,R043,28-03-2024,28-03-2024 00:47,Cancelled
O00226,C0448,R097,04-07-2023,04-07-2023 00:57,Late
O00227,C1150,R106,29-09-2023,29-09-2023 01:20,Late
O00228,C1370,R045,05-01-2023,05-01-2023 00:34,Cancelled
O00229,C0082,R088,04-05-2023,04-05-2023 00:51,Cancelled
O00230,C0791,R033,15-07-2023,15-07-2023 00:34,Late
O00231,C0051,R117,06-01-2024,06-01-2024 00:56,Late
O00232,C1054,R103,25-02-2024,25-02-2024 01:07,Late
O00233,C0090,R038,17-08-2023,17-08-2023 01:22,Late
O00234,C1053,R011,09-04-2023,09-04-2023 01:01,Delivered
O00235,C1093,R001,27-03-2023,27-03-2023 01:28,Late
O00236,C1373,R081,03-02-2023,03-02-2023 00:46,Delivered
O00237,C0213,R027,18-03-2024,18-03-2024 01:14,Late
O00238,C1325,R105,29-02-2024,29-02-2024 01:15,Delivered
O00239,C0049,R059,18-01-2024,18-01-2024 00:39,Late
O00240,C0180,R010,19-06-2023,19-06-2023 00:24,Delivered
O00241,C1143,R010,02-04-2023,02-04-2023 00:52,Late
O00242,C0530,R053,25-02-2024,25-02-2024 00:49,Cancelled
O00243,C0887,R041,19-08-2023,19-08-2023 01:11,Delivered
O00244,C1096,R001,19-07-2023,19-07-2023 00:35,Late
O00245,C1200,R006,04-01-2024,04-01-2024 00:28,Late
O00246,C0733,R119,10-03-2024,10-03-2024 00:29,Late
O00247,C1405,R039,24-02-2023,24-02-2023 00:57,Late
O00248,C0897,R049,14-02-2023,14-02-2023 00:56,Cancelled
O00249,C0971,R021,25-02-2024,25-02-2024 00:23,Late
O00250,C0801,R102,23-04-2023,23-04-2023 00:37,Late
O00251,C0611,R087,01-06-2023,01-06-2023 00:38,Late
O00252,C0023,R071,28-11-2023,28-11-2023 01:07,Late
O00253,C0086,R001,14-03-2023,14-03-2023 00:35,Late
O00254,C1101,R071,02-11-2023,02-11-2023 01:10,Delivered
O00255,C1487,R045,06-06-2023,06-06-2023 00:46,Delivered
O00256,C0292,R021,31-07-2023,31-07-2023 01:25,Delivered
O00257,C0398,R015,24-04-2023,24-04-2023 00:52,Delivered
O00258,C1125,R060,10-12-2023,10-12-2023 00:26,Late
O00259,C0596,R086,09-10-2023,09-10-2023 00:29,Delivered
O00260,C0405,R093,09-05-2023,09-05-2023 00:32,Late
O00261,C0732,R017,07-09-2023,07-09-2023 01:02,Late
O00262,C0205,R037,02-12-2023,02-12-2023 00:50,Late
O00263,C0651,R063,05-02-2023,05-02-2023 00:44,Cancelled
O00264,C1421,R075,18-06-2023,18-06-2023 00:59,Delivered
O00265,C0648,R055,17-10-2023,17-10-2023 01:06,Delivered
O00266,C0505,R101,03-01-2023,03-01-2023 01:00,Delivered
O00267,C0567,R108,31-12-2023,31-12-2023 01:15,Cancelled
O00268,C0983,R060,10-03-2023,10-03-2023 01:02,Cancelled
O00269,C0998,R071,03-07-2023,03-07-2023 00:59,Delivered
O00270,C0575,R110,31-03-2023,31-03-2023 00:30,Delivered
O00271,C0403,R034,01-04-2024,01-04-2024 01:28,Late
O00272,C1490,R010,29-03-2024,29-03-2024 00:29,Delivered
O00273,C1294,R004,10-03-2024,10-03-2024 01:24,Late
O00274,C1209,R028,24-10-2023,24-10-2023 01:11,Delivered
O00275,C1114,R115,10-10-2023,10-10-2023 00:53,Late
O00276,C0750,R051,30-08-2023,30-08-2023 00:39,Delivered
O00277,C0275,R060,01-04-2024,01-04-2024 00:57,Late
O00278,C0813,R047,19-09-2023,19-09-2023 00:31,Late
O00279,C1258,R088,06-01-2023,06-01-2023 00:50,Delivered
O00280,C0288,R058,23-01-2024,23-01-2024 01:25,Delivered
O00281,C1500,R062,02-04-2023,02-04-2023 00:38,Cancelled
O00282,C0999,R030,21-01-2023,21-01-2023 00:48,Delivered
O00283,C0480,R006,16-05-2023,16-05-2023 01:07,Late
O00284,C0740,R050,16-04-2023,16-04-2023 01:26,Cancelled
O00285,C0096,R006,14-04-2024,14-04-2024 01:18,Late
O00286,C1442,R067,15-06-2023,15-06-2023 00:33,Late
O00287,C0540,R075,29-02-2024,29-02-2024 00:55,Late
O00288,C0772,R084,19-10-2023,19-10-2023 00:42,Cancelled
O00289,C1059,R033,07-07-2023,07-07-2023 00:29,Cancelled
O00290,C1058,R052,13-05-2024,13-05-2024 00:48,Cancelled
O00291,C0998,R102,23-02-2024,23-02-2024 01:04,Cancelled
O00292,C1028,R113,30-03-2024,30-03-2024 00:20,Delivered
O00293,C0472,R010,14-08-2023,14-08-2023 00:41,Late
O00294,C0434,R020,26-11-2023,26-11-2023 00:55,Delivered
O00295,C1233,R092,22-03-2023,22-03-2023 01:06,Delivered
O00296,C0850,R104,05-12-2023,05-12-2023 00:49,Cancelled
O00297,C0987,R087,04-01-2024,04-01-2024 00:34,Cancelled
O00298,C1210,R021,03-09-2023,03-09-2023 00:46,Late
O00299,C0046,R032,02-03-2024,02-03-2024 01:12,Delivered
O00300,C0276,R081,07-03-2023,07-03-2023 00:40,Late
O00301,C0115,R022,21-01-2023,21-01-2023 00:38,Cancelled
O00302,C1059,R052,17-04-2024,17-04-2024 00:43,Late
O00303,C1474,R094,11-05-2024,11-05-2024 00:22,Late
O00304,C0176,R028,25-02-2024,25-02-2024 00:56,Cancelled
O00305,C0987,R022,07-11-2023,07-11-2023 01:20,Delivered
O00306,C1231,R019,01-03-2024,01-03-2024 01:12,Late
O00307,C1277,R085,25-02-2024,25-02-2024 00:43,Late
O00308,C1484,R088,16-05-2023,16-05-2023 00:41,Cancelled
O00309,C1222,R076,17-04-2024,17-04-2024 01:18,Delivered
O00310,C0790,R017,28-04-2023,28-04-2023 01:08,Delivered
O00311,C1071,R111,09-01-2023,09-01-2023 00:45,Late
O00312,C0307,R078,17-12-2023,17-12-2023 01:13,Delivered
O00313,C1260,R077,01-04-2023,01-04-2023 01:20,Delivered
O00314,C1031,R097,25-03-2024,25-03-2024 01:28,Delivered
O00315,C1351,R017,17-02-2023,17-02-2023 01:21,Late
O00316,C1390,R084,04-10-2023,04-10-2023 00:20,Cancelled
O00317,C0759,R112,25-09-2023,25-09-2023 01:13,Delivered
O00318,C0879,R030,24-12-2023,24-12-2023 01:27,Cancelled
O00319,C0718,R076,09-02-2024,09-02-2024 01:08,Late
O00320,C0872,R018,09-04-2024,09-04-2024 00:32,Cancelled
O00321,C0172,R037,02-09-2023,02-09-2023 00:49,Late
O00322,C0837,R033,24-03-2024,24-03-2024 01:29,Delivered
O00323,C1184,R067,03-01-2023,03-01-2023 00:20,Delivered
O00324,C0769,R084,24-09-2023,24-09-2023 00:20,Delivered
O00325,C0838,R047,19-12-2023,19-12-2023 01:00,Delivered
O00326,C1335,R075,21-03-2023,21-03-2023 01:14,Cancelled
O00327,C0868,R073,14-05-2023,14-05-2023 01:28,Cancelled
O00328,C1394,R051,10-11-2023,10-11-2023 00:55,Delivered
O00329,C1142,R062,31-07-2023,31-07-2023 01:30,Delivered
O00330,C0520,R040,09-07-2023,09-07-2023 01:21,Late
O00331,C0283,R110,26-06-2023,26-06-2023 01:10,Late
O00332,C0915,R101,02-03-2023,02-03-2023 00:49,Late
O00333,C0206,R028,01-05-2024,01-05-2024 00:40,Late
O00334,C1128,R079,25-07-2023,25-07-2023 01:03,Late
O00335,C0330,R050,17-12-2023,17-12-2023 00:26,Late
O00336,C0298,R061,03-01-2023,03-01-2023 00:31,Late
O00337,C0132,R034,11-08-2023,11-08-2023 00:31,Delivered
O00338,C1248,R005,09-07-2023,09-07-2023 00:30,Late
O00339,C1258,R084,16-07-2023,16-07-2023 01:11,Late
O00340,C0359,R082,27-05-2023,27-05-2023 00:27,Cancelled
O00341,C0414,R109,13-08-2023,13-08-2023 00:21,Late
O00342,C0586,R025,21-04-2024,21-04-2024 01:26,Delivered
O00343,C1057,R090,06-02-2024,06-02-2024 01:25,Delivered
O00344,C1381,R005,11-11-2023,11-11-2023 00:41,Cancelled
O00345,C0323,R012,03-05-2023,03-05-2023 00:20,Cancelled
O00346,C0724,R086,04-02-2024,04-02-2024 01:11,Cancelled
O00347,C1061,R002,27-07-2023,27-07-2023 00:45,Late
O00348,C0185,R071,27-12-2023,27-12-2023 00:28,Cancelled
O00349,C0712,R105,07-01-2024,07-01-2024 01:04,Cancelled
O00350,C0932,R120,26-04-2023,26-04-2023 00:44,Cancelled
O00351,C0535,R023,22-10-2023,22-10-2023 00:20,Cancelled
O00352,C1145,R010,17-09-2023,17-09-2023 00:33,Late
O00353,C0240,R103,31-05-2023,31-05-2023 01:03,Late
O00354,C1102,R105,04-05-2024,04-05-2024 00:52,Late
O00355,C0773,R073,09-05-2023,09-05-2023 01:16,Cancelled
O00356,C0696,R100,30-01-2024,30-01-2024 00:51,Cancelled
O00357,C1202,R111,15-12-2023,15-12-2023 01:18,Delivered
O00358,C0529,R009,04-09-2023,04-09-2023 00:34,Cancelled
O00359,C1387,R090,21-11-2023,21-11-2023 00:48,Delivered
O00360,C0845,R046,14-02-2024,14-02-2024 01:00,Late
O00361,C1436,R107,02-10-2023,02-10-2023 00:21,Cancelled
O00362,C0191,R052,08-05-2023,08-05-2023 00:56,Late
O00363,C0156,R071,19-01-2024,19-01-2024 01:03,Delivered
O00364,C0725,R028,01-09-2023,01-09-2023 01:00,Late
O00365,C1400,R120,18-05-2023,18-05-2023 00:43,Delivered
O00366,C0481,R095,13-09-2023,13-09-2023 00:45,Delivered
O00367,C0424,R030,22-03-2024,22-03-2024 00:53,Delivered
O00368,C1267,R046,03-03-2024,03-03-2024 00:51,Delivered
O00369,C0246,R118,03-02-2024,03-02-2024 00:33,Delivered
O00370,C1258,R001,13-12-2023,13-12-2023 01:23,Late
O00371,C0988,R048,05-05-2024,05-05-2024 00:25,Late
O00372,C1177,R112,11-06-2023,11-06-2023 01:23,Cancelled
O00373,C1047,R036,09-09-2023,09-09-2023 00:43,Cancelled
O00374,C0111,R068,24-04-2023,24-04-2023 00:36,Cancelled
O00375,C0067,R065,02-09-2023,02-09-2023 01:29,Cancelled
O00376,C0937,R016,21-07-2023,21-07-2023 00:42,Late
O00377,C0647,R089,23-09-2023,23-09-2023 01:18,Delivered
O00378,C0778,R075,07-01-2023,07-01-2023 00:46,Delivered
O00379,C1255,R111,16-06-2023,16-06-2023 01:06,Cancelled
O00380,C0539,R031,06-04-2023,06-04-2023 01:30,Cancelled
O00381,C0750,R024,30-08-2023,30-08-2023 01:03,Cancelled
O00382,C0859,R090,06-08-2023,06-08-2023 00:46,Cancelled
O00383,C0573,R058,06-07-2023,06-07-2023 01:11,Delivered
O00384,C1180,R088,20-10-2023,20-10-2023 00:36,Delivered
O00385,C1477,R035,21-02-2024,21-02-2024 00:32,Delivered
O00386,C0781,R026,12-10-2023,12-10-2023 01:15,Delivered
O00387,C0969,R104,14-02-2024,14-02-2024 00:39,Delivered
O00388,C1024,R018,01-04-2023,01-04-2023 01:13,Late
O00389,C1476,R041,22-09-2023,22-09-2023 01:28,Cancelled
O00390,C1152,R110,03-06-2023,03-06-2023 00:52,Late
O00391,C0203,R089,25-01-2023,25-01-2023 01:10,Delivered
O00392,C0521,R061,31-01-2023,31-01-2023 00:47,Late
O00393,C0686,R034,19-02-2023,19-02-2023 01:17,Cancelled
O00394,C0705,R003,04-07-2023,04-07-2023 00:52,Cancelled
O00395,C1392,R078,04-03-2023,04-03-2023 01:04,Delivered
O00396,C0358,R100,23-10-2023,23-10-2023 01:28,Cancelled
O00397,C1379,R066,01-07-2023,01-07-2023 01:01,Cancelled
O00398,C0161,R049,01-02-2024,01-02-2024 01:17,Late
O00399,C1294,R019,27-05-2023,27-05-2023 01:19,Delivered
O00400,C0864,R081,24-11-2023,24-11-2023 01:03,Late
O00401,C0147,R011,20-10-2023,20-10-2023 01:11,Delivered
O00402,C0643,R041,25-06-2023,25-06-2023 00:49,Late
O00403,C1240,R083,30-05-2023,30-05-2023 00:54,Cancelled
O00404,C0744,R096,19-05-2023,19-05-2023 01:16,Late
O00405,C0848,R022,24-09-2023,24-09-2023 01:17,Delivered
O00406,C0257,R094,13-03-2024,13-03-2024 00:22,Delivered
O00407,C1436,R096,05-12-2023,05-12-2023 00:52,Delivered
O00408,C0814,R014,18-04-2023,18-04-2023 00:41,Delivered
O00409,C1124,R007,02-02-2023,02-02-2023 01:20,Delivered
O00410,C1074,R098,30-01-2024,30-01-2024 01:10,Delivered
O00411,C1266,R020,23-02-2023,23-02-2023 00:53,Delivered
O00412,C0634,R030,02-12-2023,02-12-2023 01:09,Delivered
O00413,C0908,R081,13-01-2024,13-01-2024 00:56,Delivered
O00414,C0350,R004,09-03-2023,09-03-2023 01:27,Delivered
O00415,C0667,R111,06-12-2023,06-12-2023 01:05,Cancelled
O00416,C0558,R071,28-08-2023,28-08-2023 01:29,Cancelled
O00417,C0363,R076,11-03-2023,11-03-2023 01:29,Late
O00418,C1073,R082,22-08-2023,22-08-2023 01:15,Late
O00419,C0712,R062,01-10-2023,01-10-2023 00:59,Late
O00420,C0905,R040,27-04-2023,27-04-2023 00:31,Cancelled
O00421,C0319,R039,31-07-2023,31-07-2023 00:53,Delivered
O00422,C0280,R045,01-01-2023,01-01-2023 01:26,Cancelled
O00423,C0018,R089,29-08-2023,29-08-2023 01:28,Cancelled
O00424,C0614,R002,29-04-2024,29-04-2024 01:21,Cancelled
O00425,C1223,R030,13-02-2024,13-02-2024 00:57,Delivered
O00426,C0387,R053,08-10-2023,08-10-2023 01:07,Late
O00427,C0512,R021,12-08-2023,12-08-2023 01:10,Late
O00428,C0775,R029,13-01-2024,13-01-2024 01:09,Cancelled
O00429,C1281,R031,10-02-2023,10-02-2023 01:14,Late
O00430,C0584,R084,27-01-2024,27-01-2024 00:54,Late
O00431,C0846,R025,30-09-2023,30-09-2023 00:54,Delivered
O00432,C0594,R015,04-04-2023,04-04-2023 00:37,Late
O00433,C0558,R090,22-08-2023,22-08-2023 01:17,Late
O00434,C0657,R003,09-09-2023,09-09-2023 00:44,Delivered
O00435,C0046,R024,26-01-2023,26-01-2023 01:28,Delivered
O00436,C0257,R092,25-05-2023,25-05-2023 00:54,Cancelled
O00437,C0477,R012,08-01-2024,08-01-2024 00:21,Delivered
O00438,C0445,R044,08-01-2023,08-01-2023 01:23,Cancelled
O00439,C0761,R060,09-06-2023,09-06-2023 01:23,Late
O00440,C0677,R011,10-02-2024,10-02-2024 00:24,Delivered
O00441,C0804,R010,29-01-2023,29-01-2023 00:54,Late
O00442,C0394,R115,29-08-2023,29-08-2023 00:43,Cancelled
O00443,C0026,R016,23-02-2024,23-02-2024 01:08,Late
O00444,C0908,R032,08-05-2023,08-05-2023 01:09,Late
O00445,C0944,R095,18-01-2023,18-01-2023 00:45,Delivered
O00446,C0969,R050,24-09-2023,24-09-2023 00:46,Late
O00447,C0662,R021,07-05-2024,07-05-2024 00:59,Late
O00448,C1126,R067,08-01-2024,08-01-2024 00:25,Delivered
O00449,C1308,R039,10-05-2023,10-05-2023 01:21,Delivered
O00450,C1366,R028,04-07-2023,04-07-2023 00:26,Delivered
O00451,C0665,R002,01-05-2023,01-05-2023 01:15,Delivered
O00452,C1198,R016,11-02-2024,11-02-2024 00:55,Cancelled
O00453,C0019,R006,09-02-2024,09-02-2024 00:51,Late
O00454,C1410,R077,06-02-2024,06-02-2024 01:20,Delivered
O00455,C0510,R021,10-07-2023,10-07-2023 00:31,Cancelled
O00456,C1281,R008,16-02-2023,16-02-2023 01:03,Delivered
O00457,C1437,R069,02-07-2023,02-07-2023 00:39,Delivered
O00458,C0477,R041,06-03-2023,06-03-2023 01:22,Late
O00459,C0899,R094,08-02-2024,08-02-2024 01:04,Delivered
O00460,C0734,R093,11-01-2023,11-01-2023 01:08,Delivered
O00461,C0994,R091,09-05-2023,09-05-2023 00:25,Cancelled
O00462,C1112,R090,14-10-2023,14-10-2023 00:57,Cancelled
O00463,C1114,R045,08-04-2023,08-04-2023 00:43,Cancelled
O00464,C0564,R112,10-01-2024,10-01-2024 01:19,Late
O00465,C0329,R009,13-04-2024,13-04-2024 01:30,Late
O00466,C0606,R105,21-03-2023,21-03-2023 01:17,Cancelled
O00467,C0930,R001,05-10-2023,05-10-2023 01:06,Late
O00468,C0380,R114,17-09-2023,17-09-2023 01:08,Delivered
O00469,C1271,R031,14-11-2023,14-11-2023 01:06,Cancelled
O00470,C1349,R069,05-01-2024,05-01-2024 00:28,Cancelled
O00471,C1400,R064,08-04-2023,08-04-2023 01:27,Late
O00472,C0661,R053,20-03-2023,20-03-2023 00:56,Late
O00473,C0198,R067,14-06-2023,14-06-2023 00:34,Late
O00474,C0266,R023,04-02-2023,04-02-2023 00:25,Delivered
O00475,C0995,R025,14-04-2023,14-04-2023 00:33,Delivered
O00476,C1348,R063,17-01-2023,17-01-2023 01:09,Late
O00477,C0101,R047,16-11-2023,16-11-2023 00:52,Delivered
O00478,C0027,R120,07-11-2023,07-11-2023 00:29,Delivered
O00479,C0164,R060,02-12-2023,02-12-2023 01:22,Late
O00480,C1143,R096,01-02-2023,01-02-2023 01:06,Cancelled
O00481,C1451,R008,25-02-2024,25-02-2024 01:07,Late
O00482,C0084,R094,17-05-2023,17-05-2023 01:27,Delivered
O00483,C0160,R028,03-03-2024,03-03-2024 00:58,Late
O00484,C1486,R030,19-02-2023,19-02-2023 00:32,Late
O00485,C0396,R068,17-07-2023,17-07-2023 00:44,Late
O00486,C1144,R096,08-05-2023,08-05-2023 00:42,Late
O00487,C1308,R074,01-08-2023,01-08-2023 00:33,Cancelled
O00488,C1439,R086,12-12-2023,12-12-2023 01:18,Cancelled
O00489,C0342,R102,28-03-2024,28-03-2024 00:33,Delivered
O00490,C1034,R044,09-10-2023,09-10-2023 01:11,Late
O00491,C1229,R057,22-03-2023,22-03-2023 01:28,Cancelled
O00492,C1127,R042,07-04-2024,07-04-2024 01:00,Cancelled
O00493,C1487,R042,31-07-2023,31-07-2023 01:15,Late
O00494,C0439,R049,04-05-2023,04-05-2023 01:29,Late
O00495,C0738,R058,19-04-2024,19-04-2024 00:52,Cancelled
O00496,C0001,R093,06-05-2024,06-05-2024 01:10,Delivered
O00497,C1061,R018,26-05-2023,26-05-2023 00:22,Cancelled
O00498,C0455,R028,04-01-2023,04-01-2023 00:58,Cancelled
O00499,C1134,R066,12-01-2023,12-01-2023 00:55,Late
O00500,C0194,R005,20-10-2023,20-10-2023 00:39,Cancelled
O00501,C0284,R034,02-07-2023,02-07-2023 00:39,Cancelled
O00502,C0478,R033,31-03-2024,31-03-2024 00:51,Cancelled
O00503,C1166,R118,17-02-2023,17-02-2023 01:11,Delivered
O00504,C1482,R042,11-01-2024,11-01-2024 00:29,Cancelled
O00505,C1413,R090,30-03-2023,30-03-2023 01:22,Late
O00506,C1220,R083,24-02-2024,24-02-2024 00:32,Cancelled
O00507,C0161,R100,20-01-2023,20-01-2023 01:08,Delivered
O00508,C0713,R113,16-04-2024,16-04-2024 01:02,Cancelled
O00509,C0465,R096,02-08-2023,02-08-2023 00:35,Late
O00510,C1299,R100,10-03-2024,10-03-2024 00:21,Late
O00511,C0625,R068,15-07-2023,15-07-2023 00:26,Delivered
O00512,C1157,R020,13-06-2023,13-06-2023 01:29,Cancelled
O00513,C0314,R007,15-09-2023,15-09-2023 00:48,Late
O00514,C0913,R097,10-01-2024,10-01-2024 01:10,Late
O00515,C0185,R029,22-10-2023,22-10-2023 01:24,Cancelled
O00516,C0304,R017,29-05-2023,29-05-2023 01:10,Cancelled
O00517,C1171,R096,12-02-2023,12-02-2023 01:20,Delivered
O00518,C0538,R011,08-10-2023,08-10-2023 01:11,Cancelled
O00519,C1430,R017,14-09-2023,14-09-2023 01:15,Delivered
O00520,C1000,R051,04-09-2023,04-09-2023 00:45,Late
O00521,C1150,R079,20-10-2023,20-10-2023 00:45,Late
O00522,C0497,R010,26-09-2023,26-09-2023 00:51,Cancelled
O00523,C0663,R088,02-02-2024,02-02-2024 01:15,Late
O00524,C1376,R053,15-02-2023,15-02-2023 00:34,Cancelled
O00525,C0391,R042,07-07-2023,07-07-2023 01:04,Cancelled
O00526,C0625,R022,01-11-2023,01-11-2023 00:23,Cancelled
O00527,C1277,R019,12-11-2023,12-11-2023 01:16,Cancelled
O00528,C0409,R088,23-01-2023,23-01-2023 00:49,Cancelled
O00529,C0231,R095,21-03-2023,21-03-2023 00:30,Delivered
O00530,C0590,R002,05-05-2023,05-05-2023 00:38,Cancelled
O00531,C0625,R058,22-12-2023,22-12-2023 00:34,Cancelled
O00532,C0429,R095,12-01-2023,12-01-2023 01:02,Late
O00533,C1120,R067,19-04-2023,19-04-2023 00:46,Cancelled
O00534,C1276,R094,08-10-2023,08-10-2023 01:21,Delivered
O00535,C0772,R075,22-12-2023,22-12-2023 00:22,Late
O00536,C0524,R022,27-09-2023,27-09-2023 00:25,Delivered
O00537,C1427,R080,26-05-2023,26-05-2023 00:45,Cancelled
O00538,C1341,R002,28-01-2023,28-01-2023 01:19,Delivered
O00539,C1358,R110,18-07-2023,18-07-2023 00:54,Late
O00540,C0040,R038,04-07-2023,04-07-2023 00:33,Late
O00541,C0780,R066,17-07-2023,17-07-2023 00:49,Late
O00542,C0993,R111,20-02-2023,20-02-2023 01:00,Late
O00543,C0382,R026,30-09-2023,30-09-2023 00:31,Late
O00544,C1149,R119,09-05-2024,09-05-2024 01:18,Late
O00545,C0507,R119,12-01-2023,12-01-2023 00:25,Late
O00546,C1004,R051,06-06-2023,06-06-2023 01:02,Late
O00547,C0711,R088,22-03-2023,22-03-2023 00:22,Cancelled
O00548,C0484,R065,01-07-2023,01-07-2023 00:58,Cancelled
O00549,C1282,R033,20-02-2024,20-02-2024 00:27,Cancelled
O00550,C1137,R036,31-03-2024,31-03-2024 00:23,Delivered
O00551,C0805,R085,19-03-2023,19-03-2023 01:03,Delivered
O00552,C1067,R087,14-02-2023,14-02-2023 01:08,Late
O00553,C0855,R031,22-03-2024,22-03-2024 00:49,Late
O00554,C0640,R117,20-03-2023,20-03-2023 01:14,Late
O00555,C1111,R017,18-06-2023,18-06-2023 01:17,Delivered
O00556,C1190,R070,01-12-2023,01-12-2023 00:37,Late
O00557,C0283,R040,14-02-2024,14-02-2024 00:45,Late
O00558,C0277,R056,28-12-2023,28-12-2023 01:27,Delivered
O00559,C0651,R009,02-12-2023,02-12-2023 00:40,Late
O00560,C0378,R041,30-09-2023,30-09-2023 00:35,Delivered
O00561,C0653,R113,08-01-2024,08-01-2024 00:23,Cancelled
O00562,C0622,R057,07-05-2024,07-05-2024 01:12,Late
O00563,C0312,R100,23-04-2024,23-04-2024 00:55,Delivered
O00564,C0379,R004,24-02-2023,24-02-2023 00:36,Late
O00565,C1241,R073,12-11-2023,12-11-2023 00:54,Late
O00566,C0473,R088,29-04-2023,29-04-2023 00:49,Delivered
O00567,C1410,R100,03-07-2023,03-07-2023 00:30,Cancelled
O00568,C1239,R061,10-03-2023,10-03-2023 01:24,Late
O00569,C0377,R110,29-11-2023,29-11-2023 01:07,Cancelled
O00570,C0282,R021,09-09-2023,09-09-2023 01:20,Delivered
O00571,C0837,R098,26-04-2023,26-04-2023 00:24,Delivered
O00572,C0846,R029,18-04-2024,18-04-2024 00:54,Late
O00573,C0419,R009,10-12-2023,10-12-2023 00:45,Delivered
O00574,C1264,R063,19-04-2024,19-04-2024 01:16,Late
O00575,C0506,R055,16-06-2023,16-06-2023 01:18,Cancelled
O00576,C1246,R095,02-02-2024,02-02-2024 00:25,Cancelled
O00577,C0808,R079,04-01-2024,04-01-2024 01:00,Late
O00578,C1076,R083,20-10-2023,20-10-2023 01:28,Late
O00579,C1067,R014,07-02-2024,07-02-2024 00:24,Cancelled
O00580,C0504,R067,22-08-2023,22-08-2023 00:25,Late
O00581,C1143,R050,22-07-2023,22-07-2023 00:25,Late
O00582,C0389,R038,27-01-2024,27-01-2024 00:26,Cancelled
O00583,C0586,R060,23-07-2023,23-07-2023 00:58,Delivered
O00584,C1256,R118,05-08-2023,05-08-2023 00:57,Delivered
O00585,C0292,R060,20-12-2023,20-12-2023 01:26,Late
O00586,C1480,R065,20-08-2023,20-08-2023 00:31,Delivered
O00587,C0278,R051,03-04-2023,03-04-2023 01:29,Cancelled
O00588,C0052,R023,15-06-2023,15-06-2023 01:17,Cancelled
O00589,C0932,R012,30-10-2023,30-10-2023 00:45,Cancelled
O00590,C1472,R094,15-06-2023,15-06-2023 00:40,Delivered
O00591,C1447,R058,16-02-2023,16-02-2023 00:34,Late
O00592,C1073,R091,05-07-2023,05-07-2023 00:30,Cancelled
O00593,C1254,R021,08-01-2024,08-01-2024 01:25,Cancelled
O00594,C0090,R099,09-10-2023,09-10-2023 01:08,Delivered
O00595,C1159,R112,12-04-2024,12-04-2024 01:02,Late
O00596,C0333,R112,17-03-2024,17-03-2024 00:39,Delivered
O00597,C0860,R040,02-04-2023,02-04-2023 00:26,Cancelled
O00598,C0592,R081,09-01-2024,09-01-2024 01:17,Delivered
O00599,C0416,R001,02-03-2023,02-03-2023 00:36,Late
O00600,C0026,R059,27-01-2024,27-01-2024 00:52,Cancelled
O00601,C1114,R104,13-03-2024,13-03-2024 01:23,Delivered
O00602,C0488,R028,08-11-2023,08-11-2023 01:23,Late
O00603,C0930,R053,04-12-2023,04-12-2023 01:20,Cancelled
O00604,C0502,R113,10-02-2023,10-02-2023 00:20,Late
O00605,C0101,R024,23-05-2023,23-05-2023 00:46,Delivered
O00606,C0076,R019,29-01-2023,29-01-2023 01:04,Delivered
O00607,C0679,R118,08-12-2023,08-12-2023 00:58,Delivered
O00608,C0854,R023,26-01-2023,26-01-2023 00:33,Delivered
O00609,C1252,R085,11-12-2023,11-12-2023 00:56,Late
O00610,C0933,R096,25-12-2023,25-12-2023 00:42,Late
O00611,C0191,R099,04-07-2023,04-07-2023 00:24,Cancelled
O00612,C0777,R105,15-06-2023,15-06-2023 01:07,Delivered
O00613,C1128,R009,24-01-2024,24-01-2024 01:14,Cancelled
O00614,C0250,R089,30-08-2023,30-08-2023 00:37,Cancelled
O00615,C0848,R068,18-06-2023,18-06-2023 01:27,Delivered
O00616,C1254,R008,23-12-2023,23-12-2023 00:46,Delivered
O00617,C0180,R062,20-10-2023,20-10-2023 01:27,Late
O00618,C0875,R078,19-12-2023,19-12-2023 00:56,Cancelled
O00619,C1178,R080,13-05-2023,13-05-2023 01:27,Cancelled
O00620,C1259,R073,19-04-2024,19-04-2024 00:36,Cancelled
O00621,C1009,R104,24-09-2023,24-09-2023 01:23,Delivered
O00622,C1452,R038,28-03-2024,28-03-2024 00:49,Delivered
O00623,C0050,R060,01-01-2023,01-01-2023 00:35,Late
O00624,C0425,R103,12-02-2024,12-02-2024 00:35,Late
O00625,C0094,R043,01-08-2023,01-08-2023 01:12,Cancelled
O00626,C0024,R082,14-10-2023,14-10-2023 00:47,Delivered
O00627,C0522,R102,20-12-2023,20-12-2023 00:56,Delivered
O00628,C1038,R071,07-06-2023,07-06-2023 00:58,Cancelled
O00629,C0234,R088,28-01-2024,28-01-2024 00:20,Cancelled
O00630,C1484,R073,24-06-2023,24-06-2023 01:10,Late
O00631,C0360,R025,06-05-2024,06-05-2024 00:23,Cancelled
O00632,C1378,R062,02-03-2024,02-03-2024 01:03,Cancelled
O00633,C1323,R018,13-02-2024,13-02-2024 00:24,Cancelled
O00634,C1100,R115,21-03-2023,21-03-2023 01:18,Cancelled
O00635,C0115,R107,25-08-2023,25-08-2023 01:12,Late
O00636,C1138,R069,03-06-2023,03-06-2023 01:00,Delivered
O00637,C0725,R009,17-04-2023,17-04-2023 01:02,Delivered
O00638,C0695,R049,24-05-2023,24-05-2023 00:23,Late
O00639,C1170,R078,01-10-2023,01-10-2023 00:41,Cancelled
O00640,C0632,R091,06-04-2023,06-04-2023 00:34,Cancelled
O00641,C0557,R053,30-12-2023,30-12-2023 00:24,Delivered
O00642,C0762,R058,12-09-2023,12-09-2023 00:50,Cancelled
O00643,C0620,R023,21-04-2023,21-04-2023 01:27,Delivered
O00644,C0414,R117,11-07-2023,11-07-2023 00:24,Delivered
O00645,C0052,R103,16-08-2023,16-08-2023 01:24,Cancelled
O00646,C0316,R025,08-04-2024,08-04-2024 01:24,Cancelled
O00647,C1073,R040,17-04-2024,17-04-2024 01:21,Cancelled
O00648,C1058,R087,15-03-2023,15-03-2023 00:32,Delivered
O00649,C0941,R050,16-04-2023,16-04-2023 00:24,Late
O00650,C0238,R001,18-03-2024,18-03-2024 01:26,Cancelled
O00651,C1408,R109,22-04-2024,22-04-2024 00:25,Late
O00652,C0683,R060,22-03-2024,22-03-2024 00:31,Delivered
O00653,C1350,R096,22-02-2023,22-02-2023 01:26,Cancelled
O00654,C1309,R115,12-01-2023,12-01-2023 00:59,Delivered
O00655,C0395,R037,14-06-2023,14-06-2023 00:45,Cancelled
O00656,C0904,R086,30-09-2023,30-09-2023 01:00,Delivered
O00657,C0323,R036,20-05-2023,20-05-2023 00:39,Delivered
O00658,C0210,R027,08-01-2023,08-01-2023 01:25,Late
O00659,C0653,R035,29-06-2023,29-06-2023 01:30,Delivered
O00660,C1176,R032,27-04-2024,27-04-2024 00:56,Delivered
O00661,C1256,R115,06-02-2023,06-02-2023 00:59,Cancelled
O00662,C0104,R017,04-10-2023,04-10-2023 01:16,Delivered
O00663,C0217,R050,30-08-2023,30-08-2023 00:26,Delivered
O00664,C0803,R023,14-02-2023,14-02-2023 01:14,Late
O00665,C1263,R046,02-11-2023,02-11-2023 01:17,Cancelled
O00666,C1461,R098,20-06-2023,20-06-2023 00:45,Late
O00667,C0161,R119,19-02-2024,19-02-2024 01:28,Cancelled
O00668,C0191,R105,18-10-2023,18-10-2023 00:36,Late
O00669,C0934,R040,28-08-2023,28-08-2023 00:32,Late
O00670,C0964,R030,26-11-2023,26-11-2023 01:19,Delivered
O00671,C0745,R051,15-03-2023,15-03-2023 00:53,Delivered
O00672,C0666,R059,25-12-2023,25-12-2023 01:02,Cancelled
O00673,C0974,R015,16-01-2023,16-01-2023 00:28,Cancelled
O00674,C0350,R037,03-09-2023,03-09-2023 01:19,Cancelled
O00675,C1041,R014,06-11-2023,06-11-2023 00:36,Cancelled
O00676,C0668,R072,23-02-2024,23-02-2024 00:33,Late
O00677,C1092,R060,06-02-2023,06-02-2023 00:58,Cancelled
O00678,C0489,R080,30-10-2023,30-10-2023 01:12,Delivered
O00679,C0988,R050,08-10-2023,08-10-2023 00:40,Delivered
O00680,C1422,R076,24-06-2023,24-06-2023 00:46,Cancelled
O00681,C1162,R101,06-02-2024,06-02-2024 01:15,Cancelled
O00682,C0355,R085,06-10-2023,06-10-2023 00:50,Late
O00683,C0235,R076,09-02-2023,09-02-2023 01:22,Late
O00684,C1137,R013,26-08-2023,26-08-2023 01:01,Cancelled
O00685,C0832,R009,01-04-2023,01-04-2023 00:59,Late
O00686,C0671,R064,25-02-2023,25-02-2023 01:08,Late
O00687,C0186,R028,05-12-2023,05-12-2023 00:27,Delivered
O00688,C0301,R085,30-03-2024,30-03-2024 00:20,Delivered
O00689,C0597,R050,20-08-2023,20-08-2023 01:28,Late
O00690,C0401,R027,23-10-2023,23-10-2023 01:17,Late
O00691,C0614,R073,25-03-2024,25-03-2024 01:00,Late
O00692,C1471,R118,05-06-2023,05-06-2023 01:15,Cancelled
O00693,C1253,R066,15-02-2023,15-02-2023 00:21,Cancelled
O00694,C0603,R008,09-03-2024,09-03-2024 00:36,Cancelled
O00695,C0109,R001,06-04-2024,06-04-2024 01:30,Late
O00696,C0225,R111,14-10-2023,14-10-2023 01:05,Cancelled
O00697,C0482,R056,19-03-2024,19-03-2024 00:23,Late
O00698,C1281,R041,30-10-2023,30-10-2023 01:10,Late
O00699,C0782,R056,15-07-2023,15-07-2023 01:11,Late
O00700,C0973,R018,19-04-2023,19-04-2023 00:42,Delivered
O00701,C0738,R108,12-10-2023,12-10-2023 01:09,Cancelled
O00702,C1373,R017,20-03-2023,20-03-2023 00:56,Delivered
O00703,C1328,R003,06-01-2023,06-01-2023 00:29,Delivered
O00704,C1348,R056,05-01-2024,05-01-2024 01:22,Delivered
O00705,C1316,R104,13-02-2023,13-02-2023 00:37,Cancelled
O00706,C1425,R078,16-03-2024,16-03-2024 01:18,Cancelled
O00707,C0931,R066,16-11-2023,16-11-2023 00:43,Cancelled
O00708,C0788,R046,10-10-2023,10-10-2023 01:17,Delivered
O00709,C1239,R001,06-04-2023,06-04-2023 01:14,Late
O00710,C1459,R065,13-09-2023,13-09-2023 00:50,Cancelled
O00711,C1181,R047,30-07-2023,30-07-2023 01:29,Delivered
O00712,C1164,R062,15-05-2024,15-05-2024 00:24,Late
O00713,C1189,R062,08-07-2023,08-07-2023 00:34,Late
O00714,C1496,R094,10-02-2023,10-02-2023 00:38,Late
O00715,C0953,R067,15-03-2024,15-03-2024 00:55,Delivered
O00716,C0503,R061,25-09-2023,25-09-2023 00:31,Late
O00717,C1401,R082,15-01-2024,15-01-2024 00:29,Late
O00718,C1256,R007,13-02-2024,13-02-2024 00:59,Cancelled
O00719,C0961,R059,01-10-2023,01-10-2023 00:21,Late
O00720,C1176,R094,08-04-2024,08-04-2024 01:20,Cancelled
O00721,C0604,R038,04-08-2023,04-08-2023 01:05,Delivered
O00722,C1489,R101,19-01-2023,19-01-2023 00:58,Late
O00723,C1289,R061,14-05-2023,14-05-2023 00:27,Late
O00724,C1345,R038,28-03-2023,28-03-2023 00:26,Late
O00725,C0588,R063,16-11-2023,16-11-2023 00:23,Delivered
O00726,C0158,R109,06-03-2023,06-03-2023 01:24,Cancelled
O00727,C1262,R036,10-05-2023,10-05-2023 00:36,Cancelled
O00728,C0030,R095,15-03-2024,15-03-2024 00:52,Delivered
O00729,C1212,R095,06-11-2023,06-11-2023 00:42,Delivered
O00730,C0758,R104,04-12-2023,04-12-2023 01:17,Delivered
O00731,C0994,R024,14-05-2023,14-05-2023 00:50,Late
O00732,C0703,R011,17-03-2024,17-03-2024 00:24,Delivered
O00733,C1016,R097,01-11-2023,01-11-2023 00:39,Cancelled
O00734,C0488,R085,30-01-2024,30-01-2024 01:09,Cancelled
O00735,C0432,R074,07-01-2024,07-01-2024 00:41,Late
O00736,C0112,R083,07-03-2024,07-03-2024 01:04,Cancelled
O00737,C0108,R022,22-01-2024,22-01-2024 00:34,Cancelled
O00738,C0618,R061,24-07-2023,24-07-2023 01:20,Late
O00739,C0479,R049,30-04-2024,30-04-2024 01:28,Late
O00740,C0972,R034,28-12-2023,28-12-2023 01:09,Delivered
O00741,C0025,R037,29-09-2023,29-09-2023 01:15,Cancelled
O00742,C1086,R088,15-07-2023,15-07-2023 01:00,Delivered
O00743,C1306,R046,19-02-2023,19-02-2023 01:28,Cancelled
O00744,C0687,R035,09-11-2023,09-11-2023 00:54,Cancelled
O00745,C0523,R084,15-02-2024,15-02-2024 00:32,Late
O00746,C1383,R096,20-07-2023,20-07-2023 01:19,Delivered
O00747,C1065,R044,11-01-2024,11-01-2024 00:44,Late
O00748,C0642,R071,20-12-2023,20-12-2023 00:43,Delivered
O00749,C0140,R002,11-12-2023,11-12-2023 00:21,Cancelled
O00750,C0213,R088,20-02-2023,20-02-2023 01:27,Cancelled
O00751,C1486,R037,29-06-2023,29-06-2023 00:48,Cancelled
O00752,C0049,R080,09-04-2023,09-04-2023 00:24,Delivered
O00753,C1228,R082,30-01-2023,30-01-2023 00:47,Delivered
O00754,C0177,R110,29-12-2023,29-12-2023 00:35,Late
O00755,C1345,R098,08-03-2023,08-03-2023 01:08,Late
O00756,C0228,R090,17-10-2023,17-10-2023 00:43,Delivered
O00757,C0957,R085,10-05-2023,10-05-2023 00:57,Delivered
O00758,C0567,R099,24-11-2023,24-11-2023 01:18,Cancelled
O00759,C0528,R021,21-12-2023,21-12-2023 01:01,Delivered
O00760,C0784,R050,22-05-2023,22-05-2023 00:27,Cancelled
O00761,C0543,R023,31-01-2023,31-01-2023 00:53,Cancelled
O00762,C0411,R079,05-02-2023,05-02-2023 01:22,Cancelled
O00763,C0223,R019,02-04-2023,02-04-2023 01:22,Late
O00764,C0448,R079,29-01-2024,29-01-2024 01:15,Late
O00765,C1466,R034,24-02-2023,24-02-2023 01:16,Delivered
O00766,C0145,R074,18-01-2023,18-01-2023 00:29,Late
O00767,C0039,R115,09-05-2023,09-05-2023 01:17,Cancelled
O00768,C0078,R086,18-03-2023,18-03-2023 00:20,Cancelled
O00769,C1434,R043,17-05-2023,17-05-2023 00:39,Cancelled
O00770,C1056,R091,22-10-2023,22-10-2023 00:20,Cancelled
O00771,C0828,R109,02-09-2023,02-09-2023 01:15,Late
O00772,C1107,R029,04-02-2024,04-02-2024 00:28,Delivered
O00773,C0249,R073,16-07-2023,16-07-2023 01:21,Late
O00774,C0683,R088,23-04-2024,23-04-2024 01:05,Cancelled
O00775,C1295,R083,25-07-2023,25-07-2023 00:27,Delivered
O00776,C0697,R011,07-07-2023,07-07-2023 01:28,Cancelled
O00777,C1327,R026,25-01-2024,25-01-2024 00:57,Delivered
O00778,C0787,R085,11-10-2023,11-10-2023 00:25,Delivered
O00779,C0219,R081,03-06-2023,03-06-2023 01:09,Late
O00780,C0174,R114,03-07-2023,03-07-2023 01:22,Late
O00781,C0287,R005,13-08-2023,13-08-2023 00:44,Delivered
O00782,C1002,R050,13-01-2023,13-01-2023 00:50,Delivered
O00783,C1318,R040,10-02-2024,10-02-2024 01:29,Cancelled
O00784,C0034,R005,01-10-2023,01-10-2023 01:17,Cancelled
O00785,C1477,R006,29-01-2023,29-01-2023 01:03,Cancelled
O00786,C1340,R086,02-03-2023,02-03-2023 00:47,Late
O00787,C0306,R095,23-08-2023,23-08-2023 01:28,Late
O00788,C0076,R095,30-04-2023,30-04-2023 00:29,Delivered
O00789,C0966,R117,08-09-2023,08-09-2023 00:22,Late
O00790,C1437,R084,24-01-2023,24-01-2023 00:51,Delivered
O00791,C1296,R007,08-01-2023,08-01-2023 00:42,Cancelled
O00792,C0935,R079,25-02-2024,25-02-2024 00:32,Delivered
O00793,C0218,R015,03-03-2024,03-03-2024 00:28,Cancelled
O00794,C0130,R103,01-11-2023,01-11-2023 00:48,Delivered
O00795,C1390,R052,07-08-2023,07-08-2023 01:03,Cancelled
O00796,C0282,R042,03-03-2023,03-03-2023 01:29,Delivered
O00797,C1215,R023,27-01-2024,27-01-2024 00:25,Cancelled
O00798,C0561,R019,02-02-2023,02-02-2023 00:35,Cancelled
O00799,C1134,R022,28-03-2023,28-03-2023 01:07,Cancelled
O00800,C0274,R013,05-05-2023,05-05-2023 00:25,Late
O00801,C0324,R003,10-11-2023,10-11-2023 01:08,Cancelled
O00802,C0015,R023,11-02-2023,11-02-2023 00:20,Delivered
O00803,C0853,R089,28-12-2023,28-12-2023 00:56,Cancelled
O00804,C0423,R019,21-12-2023,21-12-2023 00:36,Late
O00805,C0923,R053,19-05-2023,19-05-2023 01:26,Delivered
O00806,C1251,R089,25-04-2024,25-04-2024 00:42,Delivered
O00807,C1469,R064,02-11-2023,02-11-2023 00:43,Late
O00808,C1285,R106,01-05-2024,01-05-2024 00:31,Cancelled
O00809,C0010,R072,28-06-2023,28-06-2023 01:13,Delivered
O00810,C1086,R013,09-04-2023,09-04-2023 00:35,Late
O00811,C1040,R029,05-07-2023,05-07-2023 01:29,Cancelled
O00812,C0567,R007,30-01-2024,30-01-2024 00:46,Delivered
O00813,C1404,R109,27-02-2023,27-02-2023 00:39,Cancelled
O00814,C0328,R086,12-09-2023,12-09-2023 00:42,Delivered
O00815,C0584,R027,28-01-2023,28-01-2023 01:06,Cancelled
O00816,C1264,R104,09-05-2023,09-05-2023 01:02,Cancelled
O00817,C0108,R119,23-01-2023,23-01-2023 00:33,Late
O00818,C0060,R063,01-04-2023,01-04-2023 00:40,Late
O00819,C0482,R093,01-03-2023,01-03-2023 00:29,Cancelled
O00820,C0859,R026,31-10-2023,31-10-2023 01:01,Late
O00821,C0472,R100,13-12-2023,13-12-2023 01:01,Delivered
O00822,C0201,R031,16-06-2023,16-06-2023 00:49,Late
O00823,C0770,R115,31-07-2023,31-07-2023 00:45,Delivered
O00824,C1199,R063,07-02-2023,07-02-2023 01:20,Delivered
O00825,C0297,R028,31-03-2024,31-03-2024 01:15,Late
O00826,C0794,R048,21-08-2023,21-08-2023 00:42,Delivered
O00827,C1295,R046,23-08-2023,23-08-2023 00:44,Cancelled
O00828,C0261,R005,14-04-2023,14-04-2023 01:02,Late
O00829,C0575,R018,19-10-2023,19-10-2023 00:27,Delivered
O00830,C0940,R054,12-03-2024,12-03-2024 01:19,Delivered
O00831,C0451,R114,25-01-2024,25-01-2024 01:03,Cancelled
O00832,C1307,R079,06-11-2023,06-11-2023 00:40,Delivered
O00833,C0471,R012,23-10-2023,23-10-2023 01:30,Cancelled
O00834,C1002,R111,14-03-2024,14-03-2024 01:26,Delivered
O00835,C0948,R036,30-10-2023,30-10-2023 01:20,Delivered
O00836,C0506,R032,09-01-2024,09-01-2024 01:14,Cancelled
O00837,C1212,R020,11-08-2023,11-08-2023 00:48,Late
O00838,C0856,R006,04-04-2024,04-04-2024 00:20,Delivered
O00839,C0069,R055,29-08-2023,29-08-2023 01:24,Late
O00840,C1427,R106,21-07-2023,21-07-2023 01:21,Delivered
O00841,C0493,R011,20-08-2023,20-08-2023 01:23,Late
O00842,C1420,R094,21-01-2024,21-01-2024 00:21,Cancelled
O00843,C0272,R046,01-05-2024,01-05-2024 00:47,Cancelled
O00844,C0033,R062,03-05-2023,03-05-2023 00:31,Late
O00845,C1441,R059,06-06-2023,06-06-2023 00:40,Late
O00846,C0932,R060,18-01-2024,18-01-2024 00:23,Delivered
O00847,C0379,R102,23-03-2024,23-03-2024 01:11,Cancelled
O00848,C1442,R082,17-11-2023,17-11-2023 01:19,Delivered
O00849,C0789,R115,16-03-2024,16-03-2024 00:29,Late
O00850,C0067,R038,20-06-2023,20-06-2023 01:27,Cancelled
O00851,C1430,R079,21-01-2024,21-01-2024 00:54,Late
O00852,C1403,R011,22-10-2023,22-10-2023 00:46,Late
O00853,C0113,R066,26-03-2024,26-03-2024 01:02,Late
O00854,C0228,R050,06-07-2023,06-07-2023 00:26,Cancelled
O00855,C0749,R047,27-08-2023,27-08-2023 00:25,Delivered
O00856,C1149,R091,28-11-2023,28-11-2023 00:28,Delivered
O00857,C0489,R070,12-03-2023,12-03-2023 01:02,Delivered
O00858,C1189,R112,29-11-2023,29-11-2023 01:21,Late
O00859,C0657,R046,18-04-2023,18-04-2023 00:48,Cancelled
O00860,C0568,R007,15-09-2023,15-09-2023 01:14,Delivered
O00861,C0927,R063,10-07-2023,10-07-2023 01:04,Late
O00862,C0963,R091,27-09-2023,27-09-2023 00:35,Late
O00863,C0599,R058,14-12-2023,14-12-2023 01:28,Late
O00864,C0386,R115,08-07-2023,08-07-2023 00:28,Cancelled
O00865,C0801,R115,14-02-2023,14-02-2023 00:30,Delivered
O00866,C0224,R022,28-05-2023,28-05-2023 00:29,Cancelled
O00867,C1017,R020,27-02-2023,27-02-2023 00:38,Delivered
O00868,C0601,R054,24-09-2023,24-09-2023 00:22,Late
O00869,C0971,R045,05-10-2023,05-10-2023 00:36,Cancelled
O00870,C0598,R025,16-08-2023,16-08-2023 00:22,Delivered
O00871,C1065,R083,12-01-2023,12-01-2023 00:49,Cancelled
O00872,C1343,R083,30-07-2023,30-07-2023 01:03,Cancelled
O00873,C1124,R057,06-09-2023,06-09-2023 01:27,Cancelled
O00874,C0628,R022,05-06-2023,05-06-2023 00:36,Cancelled
O00875,C0762,R037,27-04-2023,27-04-2023 01:21,Delivered
O00876,C0583,R059,17-03-2023,17-03-2023 01:05,Delivered
O00877,C1458,R069,13-11-2023,13-11-2023 00:40,Cancelled
O00878,C1451,R089,04-04-2023,04-04-2023 00:42,Late
O00879,C0331,R031,11-02-2024,11-02-2024 00:39,Delivered
O00880,C1177,R017,22-01-2023,22-01-2023 01:00,Cancelled
O00881,C0378,R027,14-05-2023,14-05-2023 01:07,Late
O00882,C1364,R041,29-12-2023,29-12-2023 00:24,Cancelled
O00883,C0919,R070,17-03-2023,17-03-2023 01:07,Delivered
O00884,C0249,R118,01-10-2023,01-10-2023 00:58,Delivered
O00885,C0298,R059,27-07-2023,27-07-2023 01:23,Cancelled
O00886,C1119,R065,21-03-2023,21-03-2023 00:20,Cancelled
O00887,C0971,R115,28-11-2023,28-11-2023 00:57,Cancelled
O00888,C1158,R094,11-05-2024,11-05-2024 00:38,Cancelled
O00889,C1499,R062,23-06-2023,23-06-2023 00:34,Delivered
O00890,C0240,R040,13-03-2023,13-03-2023 01:30,Delivered
O00891,C0914,R046,25-07-2023,25-07-2023 00:48,Delivered
O00892,C1246,R083,17-06-2023,17-06-2023 00:27,Delivered
O00893,C0455,R101,26-10-2023,26-10-2023 01:27,Cancelled
O00894,C0172,R069,11-04-2023,11-04-2023 00:22,Cancelled
O00895,C1049,R051,13-12-2023,13-12-2023 00:31,Delivered
O00896,C1236,R078,09-09-2023,09-09-2023 01:00,Late
O00897,C1366,R047,28-04-2024,28-04-2024 00:27,Cancelled
O00898,C0758,R050,17-03-2023,17-03-2023 01:14,Cancelled
O00899,C0707,R045,07-01-2023,07-01-2023 00:56,Cancelled
O00900,C1149,R012,15-05-2024,15-05-2024 01:17,Delivered
O00901,C0852,R103,08-01-2024,08-01-2024 01:16,Cancelled
O00902,C1491,R115,28-05-2023,28-05-2023 00:40,Cancelled
O00903,C0286,R107,09-01-2024,09-01-2024 01:13,Late
O00904,C0295,R027,03-11-2023,03-11-2023 00:31,Cancelled
O00905,C0687,R009,01-09-2023,01-09-2023 01:27,Late
O00906,C0182,R001,23-01-2024,23-01-2024 01:08,Cancelled
O00907,C0849,R023,24-11-2023,24-11-2023 00:54,Late
O00908,C0409,R024,25-08-2023,25-08-2023 00:37,Cancelled
O00909,C1005,R006,29-05-2023,29-05-2023 01:30,Cancelled
O00910,C1012,R072,03-03-2024,03-03-2024 00:58,Late
O00911,C0055,R102,26-08-2023,26-08-2023 00:48,Delivered
O00912,C0615,R082,20-03-2023,20-03-2023 00:53,Late
O00913,C1340,R086,30-08-2023,30-08-2023 00:35,Cancelled
O00914,C1008,R117,02-08-2023,02-08-2023 00:42,Late
O00915,C0059,R016,27-11-2023,27-11-2023 00:51,Cancelled
O00916,C1227,R096,10-09-2023,10-09-2023 00:28,Cancelled
O00917,C1159,R056,25-10-2023,25-10-2023 01:21,Cancelled
O00918,C1422,R105,18-11-2023,18-11-2023 01:20,Delivered
O00919,C1179,R003,11-07-2023,11-07-2023 01:25,Cancelled
O00920,C0300,R041,25-03-2023,25-03-2023 00:27,Cancelled
O00921,C0732,R021,25-03-2024,25-03-2024 00:37,Delivered
O00922,C0860,R082,20-05-2023,20-05-2023 01:06,Cancelled
O00923,C0598,R068,25-01-2023,25-01-2023 00:57,Late
O00924,C1053,R025,24-04-2024,24-04-2024 00:29,Late
O00925,C1227,R097,04-04-2023,04-04-2023 00:32,Delivered
O00926,C0648,R106,06-10-2023,06-10-2023 01:01,Late
O00927,C0556,R088,14-02-2024,14-02-2024 00:58,Late
O00928,C0197,R069,19-12-2023,19-12-2023 01:06,Late
O00929,C0027,R018,30-06-2023,30-06-2023 00:38,Late
O00930,C0994,R053,25-05-2023,25-05-2023 01:07,Cancelled
O00931,C0210,R028,16-04-2024,16-04-2024 00:40,Delivered
O00932,C0386,R102,15-09-2023,15-09-2023 00:48,Late
O00933,C1090,R092,11-11-2023,11-11-2023 01:27,Late
O00934,C0855,R059,26-12-2023,26-12-2023 00:34,Delivered
O00935,C0036,R062,01-03-2023,01-03-2023 00:36,Cancelled
O00936,C0285,R105,09-06-2023,09-06-2023 01:06,Cancelled
O00937,C0701,R023,31-03-2024,31-03-2024 01:26,Late
O00938,C0243,R029,05-06-2023,05-06-2023 00:23,Delivered
O00939,C1410,R030,14-03-2024,14-03-2024 00:38,Cancelled
O00940,C0267,R011,06-03-2023,06-03-2023 00:46,Cancelled
O00941,C0160,R003,20-12-2023,20-12-2023 00:34,Cancelled
O00942,C0088,R026,23-01-2024,23-01-2024 01:15,Delivered
O00943,C1215,R008,17-01-2023,17-01-2023 01:25,Cancelled
O00944,C0089,R009,02-03-2023,02-03-2023 00:52,Cancelled
O00945,C0198,R101,08-12-2023,08-12-2023 00:21,Delivered
O00946,C1204,R116,16-04-2024,16-04-2024 00:46,Delivered
O00947,C0060,R012,05-04-2023,05-04-2023 01:04,Delivered
O00948,C1188,R045,09-03-2024,09-03-2024 00:55,Cancelled
O00949,C1493,R079,24-03-2023,24-03-2023 01:24,Delivered
O00950,C0203,R105,16-09-2023,16-09-2023 00:28,Late
O00951,C1084,R028,26-01-2024,26-01-2024 00:21,Late
O00952,C0352,R116,09-04-2023,09-04-2023 00:56,Late
O00953,C0439,R118,03-01-2023,03-01-2023 00:32,Late
O00954,C0751,R090,11-03-2024,11-03-2024 01:20,Late
O00955,C1380,R014,05-04-2023,05-04-2023 01:16,Delivered
O00956,C0778,R055,03-03-2024,03-03-2024 01:05,Delivered
O00957,C0835,R015,21-09-2023,21-09-2023 00:49,Cancelled
O00958,C0226,R067,05-03-2023,05-03-2023 01:19,Delivered
O00959,C1444,R037,11-09-2023,11-09-2023 01:06,Late
O00960,C0169,R042,05-01-2024,05-01-2024 00:25,Cancelled
O00961,C0581,R059,01-03-2023,01-03-2023 01:09,Late
O00962,C1408,R108,12-01-2024,12-01-2024 00:59,Cancelled
O00963,C0835,R038,26-04-2023,26-04-2023 01:30,Cancelled
O00964,C0975,R087,07-04-2023,07-04-2023 00:28,Cancelled
O00965,C1381,R063,02-04-2023,02-04-2023 00:21,Late
O00966,C0898,R067,23-02-2023,23-02-2023 01:10,Late
O00967,C0245,R019,13-12-2023,13-12-2023 00:30,Cancelled
O00968,C0346,R009,25-07-2023,25-07-2023 00:33,Cancelled
O00969,C0694,R026,14-05-2024,14-05-2024 00:45,Late
O00970,C0252,R030,08-03-2024,08-03-2024 01:11,Cancelled
O00971,C0571,R098,07-01-2024,07-01-2024 01:23,Late
O00972,C1319,R052,28-01-2024,28-01-2024 00:54,Cancelled
O00973,C0993,R066,01-09-2023,01-09-2023 01:11,Cancelled
O00974,C0222,R016,17-03-2023,17-03-2023 01:18,Cancelled
O00975,C0473,R081,08-09-2023,08-09-2023 01:23,Delivered
O00976,C0109,R107,16-01-2023,16-01-2023 00:32,Delivered
O00977,C0367,R049,13-09-2023,13-09-2023 00:23,Late
O00978,C0313,R039,14-12-2023,14-12-2023 01:01,Late
O00979,C0157,R085,16-11-2023,16-11-2023 00:32,Late
O00980,C0955,R026,28-01-2024,28-01-2024 01:23,Cancelled
O00981,C1005,R065,05-12-2023,05-12-2023 01:23,Cancelled
O00982,C1108,R070,05-10-2023,05-10-2023 01:03,Delivered
O00983,C0882,R113,02-05-2024,02-05-2024 00:24,Delivered
O00984,C0645,R110,16-07-2023,16-07-2023 01:17,Cancelled
O00985,C0074,R005,15-08-2023,15-08-2023 01:18,Delivered
O00986,C1447,R022,13-10-2023,13-10-2023 00:58,Cancelled
O00987,C0640,R092,09-08-2023,09-08-2023 00:37,Cancelled
O00988,C1166,R087,07-09-2023,07-09-2023 00:34,Cancelled
O00989,C1404,R070,04-12-2023,04-12-2023 01:30,Late
O00990,C1152,R110,29-08-2023,29-08-2023 01:20,Delivered
O00991,C0802,R034,17-09-2023,17-09-2023 00:27,Cancelled
O00992,C1264,R087,30-10-2023,30-10-2023 01:08,Cancelled
O00993,C0657,R008,28-01-2024,28-01-2024 00:56,Delivered
O00994,C0263,R108,30-10-2023,30-10-2023 00:25,Cancelled
O00995,C1281,R044,28-06-2023,28-06-2023 00:23,Cancelled
O00996,C0707,R046,19-02-2023,19-02-2023 01:14,Cancelled
O00997,C1355,R032,29-06-2023,29-06-2023 00:27,Delivered
O00998,C1214,R011,01-05-2023,01-05-2023 00:59,Late
O00999,C0235,R044,03-02-2023,03-02-2023 00:59,Delivered
,,,,,
,,,,,
,,,,,
,,,,,
,,,,,
,,,,,
,,,,,
,,,,,
,,,,,
,,,,,
,,,,,
,,,,,
,,,,,
,,,,,
,,,,,
,,,,,
,,,,,
,,,,,
,,,,,
,,,,,
,,,,,
,,,,,
,,,,,
,,,,,
,,,,,
,,,,,
,,,,,
,,,,,
,,,,,
,,,,,
,,,,,
,,,,,
,,,,,
,,,,,
,,,,,
,,,,,
,,,,,
,,,,,
,,,,,
,,,,,
,,,,,
,,,,,
,,,,,
,,,,,
,,,,,
,,,,,
,,,,,
,,,,,
,,,,,
,,,,,
,,,,,
,,,,,
,,,,,
,,,,,
,,,,,
,,,,,
,,,,,
,,,,,
,,,,,
,,,,,
,,,,,
,,,,,
,,,,,
,,,,,
,,,,,
,,,,,
,,,,,
,,,,,
,,,,,
,,,,,
,,,,,
,,,,,
,,,,,
,,,,,
,,,,,
,,,,,
,,,,,
,,,,,
,,,,,
,,,,,
,,,,,
,,,,,
,,,,,
,,,,,
,,,,,
,,,,,
,,,,,
,,,,,
,,,,,
,,,,,
,,,,,
,,,,,
,,,,,
,,,,,
,,,,,
,,,,,
,,,,,
,,,,,
,,,,,
,,,,,
,,,,,
,,,,,
,,,,,
,,,,,
,,,,,
,,,,,
,,,,,
,,,,,
,,,,,
,,,,,
,,,,,
,,,,,
,,,,,
,,,,,
,,,,,
,,,,,
,,,,,
,,,,,
,,,,,
,,,,,
,,,,,
,,,,,
,,,,,
,,,,,
,,,,,
,,,,,
,,,,,
,,,,,
,,,,,
,,,,,
,,,,,
,,,,,
,,,,,
,,,,,
,,,,,
,,,,,
,,,,,
,,,,,
,,,,,
,,,,,
,,,,,
,,,,,
,,,,,
,,,,,
,,,,,
,,,,,
,,,,,
,,,,,
,,,,,
,,,,,
,,,,,
,,,,,
,,,,,
,,,,,
,,,,,
,,,,,
,,,,,
,,,,,
,,,,,
,,,,,
,,,,,
,,,,,
,,,,,
,,,,,
,,,,,
,,,,,
,,,,,
,,,,,
,,,,,
,,,,,
,,,,,
,,,,,
,,,,,
,,,,,
,,,,,
,,,,,
,,,,,
,,,,,
,,,,,
,,,,,
,,,,,
,,,,,
,,,,,
,,,,,
,,,,,
,,,,,
,,,,,
,,,,,
,,,,,
,,,,,
,,,,,
,,,,,
,,,,,
,,,,,
,,,,,
,,,,,
,,,,,
,,,,,
,,,,,
,,,,,
,,,,,
,,,,,
,,,,,
,,,,,
,,,,,
,,,,,
,,,,,
,,,,,
,,,,,
,,,,,
,,,,,
,,,,,
,,,,,
,,,,,
,,,,,
,,,,,
,,,,,
,,,,,
,,,,,
,,,,,
,,,,,
,,,,,
,,,,,
,,,,,
,,,,,
,,,,,
,,,,,
,,,,,
,,,,,
,,,,,
,,,,,
,,,,,
,,,,,
,,,,,
,,,,,
,,,,,
,,,,,
,,,,,
,,,,,
,,,,,
,,,,,
,,,,,
,,,,,
,,,,,
,,,,,
,,,,,
,,,,,
,,,,,
,,,,,
,,,,,
,,,,,
,,,,,
,,,,,
,,,,,
,,,,,
,,,,,
,,,,,
,,,,,
,,,,,
,,,,,
,,,,,
,,,,,
,,,,,
,,,,,
,,,,,
,,,,,
,,,,,
,,,,,
,,,,,
,,,,,
,,,,,
,,,,,
,,,,,
,,,,,
,,,,,
,,,,,
,,,,,
,,,,,
,,,,,
,,,,,
,,,,,
,,,,,
,,,,,
,,,,,
,,,,,
,,,,,
,,,,,
,,,,,
,,,,,
,,,,,
,,,,,
,,,,,
,,,,,
,,,,,
,,,,,
,,,,,
,,,,,
,,,,,
,,,,,
,,,,,
,,,,,
,,,,,
,,,,,
,,,,,
,,,,,
,,,,,
,,,,,
,,,,,
,,,,,
,,,,,
,,,,,
,,,,,
,,,,,
,,,,,
,,,,,
,,,,,
,,,,,
,,,,,
,,,,,
,,,,,
,,,,,
,,,,,
,,,,,
,,,,,
,,,,,
,,,,,
,,,,,
,,,,,
,,,,,
,,,,,
,,,,,
,,,,,
,,,,,
,,,,,
,,,,,
,,,,,
,,,,,
,,,,,
,,,,,
,,,,,
,,,,,
,,,,,
,,,,,
,,,,,
,,,,,
,,,,,
,,,,,
,,,,,
,,,,,
,,,,,
,,,,,
,,,,,
,,,,,
,,,,,
,,,,,
,,,,,
,,,,,
,,,,,
,,,,,
,,,,,
,,,,,
,,,,,
,,,,,
,,,,,
,,,,,
,,,,,
,,,,,
,,,,,
,,,,,
,,,,,
,,,,,
,,,,,
,,,,,
,,,,,
,,,,,
,,,,,
,,,,,
,,,,,
,,,,,
,,,,,
,,,,,
,,,,,
,,,,,
,,,,,
,,,,,
,,,,,
,,,,,
,,,,,
,,,,,
,,,,,
,,,,,
,,,,,
,,,,,
,,,,,
,,,,,
,,,,,
,,,,,
,,,,,
,,,,,
,,,,,
,,,,,
,,,,,
,,,,,
,,,,,
,,,,,
,,,,,
,,,,,
,,,,,
,,,,,
,,,,,
,,,,,
,,,,,
,,,,,
,,,,,
,,,,,
,,,,,
,,,,,
,,,,,
,,,,,
,,,,,
,,,,,
,,,,,
,,,,,
,,,,,
,,,,,
,,,,,
,,,,,
,,,,,
,,,,,
,,,,,
,,,,,
,,,,,
,,,,,
,,,,,
,,,,,
,,,,,
,,,,,
,,,,,
,,,,,
,,,,,
,,,,,
,,,,,
,,,,,
,,,,,
,,,,,
,,,,,
,,,,,
,,,,,
,,,,,
,,,,,
,,,,,
,,,,,
,,,,,
,,,,,
,,,,,
,,,,,
,,,,,
,,,,,
,,,,,
,,,,,
,,,,,
,,,,,
,,,,,
,,,,,
,,,,,
,,,,,
,,,,,
,,,,,
,,,,,
,,,,,
,,,,,
,,,,,
,,,,,
,,,,,
,,,,,
,,,,,
,,,,,
,,,,,
,,,,,
,,,,,
,,,,,
,,,,,
,,,,,
,,,,,
,,,,,
,,,,,
,,,,,
,,,,,
,,,,,
,,,,,
,,,,,
,,,,,
,,,,,
,,,,,
,,,,,
,,,,,
,,,,,
,,,,,
,,,,,
,,,,,
,,,,,
,,,,,
,,,,,
,,,,,
,,,,,
,,,,,
,,,,,
,,,,,
,,,,,
,,,,,
,,,,,
,,,,,
,,,,,
,,,,,
,,,,,
,,,,,
,,,,,
,,,,,
,,,,,
,,,,,
,,,,,
,,,,,
,,,,,
,,,,,
,,,,,
,,,,,
,,,,,
,,,,,
,,,,,
,,,,,
,,,,,
,,,,,
,,,,,
,,,,,
,,,,,
,,,,,
,,,,,
,,,,,
,,,,,
,,,,,
,,,,,
,,,,,
,,,,,
,,,,,
,,,,,
,,,,,
,,,,,
,,,,,
,,,,,
,,,,,
,,,,,
,,,,,
,,,,,
,,,,,
,,,,,
,,,,,
,,,,,
,,,,,
,,,,,
,,,,,
,,,,,
,,,,,
,,,,,
,,,,,
,,,,,
,,,,,
,,,,,
,,,,,
,,,,,
,,,,,
,,,,,
,,,,,
,,,,,
,,,,,
,,,,,
,,,,,
,,,,,
,,,,,
,,,,,
,,,,,
,,,,,
,,,,,
,,,,,
,,,,,
,,,,,
,,,,,
,,,,,
,,,,,
,,,,,
,,,,,
,,,,,
,,,,,
,,,,,
,,,,,
,,,,,
,,,,,
,,,,,
,,,,,
,,,,,
,,,,,
,,,,,
,,,,,
,,,,,
,,,,,
,,,,,
,,,,,
,,,,,
,,,,,
,,,,,
,,,,,
,,,,,
,,,,,
,,,,,
,,,,,
,,,,,
,,,,,
,,,,,
,,,,,
,,,,,
,,,,,
,,,,,
,,,,,
,,,,,
,,,,,
,,,,,
,,,,,
,,,,,
,,,,,
,,,,,
,,,,,
,,,,,
,,,,,
,,,,,
,,,,,
,,,,,
,,,,,
,,,,,
,,,,,
,,,,,
,,,,,
,,,,,
,,,,,
,,,,,
,,,,,
,,,,,
,,,,,
,,,,,
,,,,,
,,,,,
,,,,,
,,,,,
,,,,,
,,,,,
,,,,,
,,,,,
,,,,,
,,,,,
,,,,,
,,,,,
,,,,,
,,,,,
,,,,,
,,,,,
,,,,,
,,,,,
,,,,,
,,,,,
,,,,,
,,,,,
,,,,,
,,,,,
,,,,,
,,,,,
,,,,,
,,,,,
,,,,,
,,,,,
,,,,,
,,,,,
,,,,,
,,,,,
,,,,,
,,,,,
,,,,,
,,,,,
,,,,,
,,,,,
,,,,,
,,,,,
,,,,,
,,,,,
,,,,,
,,,,,
,,,,,
,,,,,
,,,,,
,,,,,
,,,,,
,,,,,
,,,,,
,,,,,
,,,,,
,,,,,
,,,,,
,,,,,
,,,,,
,,,,,
,,,,,
,,,,,
,,,,,
,,,,,
,,,,,
,,,,,
,,,,,
,,,,,
,,,,,
,,,,,
,,,,,
,,,,,
,,,,,
,,,,,
,,,,,
,,,,,
,,,,,
,,,,,
,,,,,
,,,,,
,,,,,
,,,,,
,,,,,
,,,,,
,,,,,
,,,,,
,,,,,
,,,,,
,,,,,
,,,,,
,,,,,
,,,,,
,,,,,
,,,,,
,,,,,
,,,,,
,,,,,
,,,,,
,,,,,
,,,,,
,,,,,
,,,,,
,,,,,
,,,,,
,,,,,
,,,,,
,,,,,
,,,,,
,,,,,
,,,,,
,,,,,
,,,,,
,,,,,
,,,,,
,,,,,
,,,,,
,,,,,
,,,,,
,,,,,
,,,,,
,,,,,
,,,,,
,,,,,
,,,,,
,,,,,
,,,,,
,,,,,
,,,,,
,,,,,
,,,,,
,,,,,
,,,,,
,,,,,
,,,,,
,,,,,
,,,,,
,,,,,
,,,,,
,,,,,
,,,,,
,,,,,
,,,,,
,,,,,
,,,,,
,,,,,
,,,,,
,,,,,
,,,,,
,,,,,
,,,,,
,,,,,
,,,,,
,,,,,
,,,,,
,,,,,
,,,,,
,,,,,
,,,,,
,,,,,
,,,,,
,,,,,
,,,,,
,,,,,
,,,,,
,,,,,
,,,,,
,,,,,
,,,,,
,,,,,
,,,,,
,,,,,
,,,,,
,,,,,
,,,,,
,,,,,
,,,,,
,,,,,
,,,,,
,,,,,
,,,,,
,,,,,
,,,,,
,,,,,
,,,,,
,,,,,
,,,,,
,,,,,
,,,,,
,,,,,
,,,,,
,,,,,
,,,,,
,,,,,
,,,,,
,,,,,
,,,,,
,,,,,
,,,,,
,,,,,
,,,,,
,,,,,
,,,,,
,,,,,
,,,,,
,,,,,
,,,,,
,,,,,
,,,,,
,,,,,
,,,,,
,,,,,
,,,,,
,,,,,
,,,,,
,,,,,
,,,,,
,,,,,
,,,,,
,,,,,
,,,,,
,,,,,
,,,,,
,,,,,
,,,,,
,,,,,
,,,,,
,,,,,
,,,,,
,,,,,
,,,,,
,,,,,
,,,,,
,,,,,
,,,,,
,,,,,
,,,,,
,,,,,
,,,,,
,,,,,
,,,,,
,,,,,
,,,,,
,,,,,
,,,,,
,,,,,
,,,,,
,,,,,
,,,,,
,,,,,
,,,,,
,,,,,
,,,,,
,,,,,
,,,,,
,,,,,
,,,,,
,,,,,
,,,,,
,,,,,
,,,,,
,,,,,
,,,,,
,,,,,
,,,,,
,,,,,
,,,,,
,,,,,
,,,,,
,,,,,
,,,,,
,,,,,
,,,,,
,,,,,
,,,,,
,,,,,
,,,,,
,,,,,
,,,,,
,,,,,
,,,,,
,,,,,
,,,,,
,,,,,
,,,,,
,,,,,
,,,,,
,,,,,
,,,,,
,,,,,
,,,,,
,,,,,
,,,,,
,,,,,
,,,,,
,,,,,
,,,,,
,,,,,
,,,,,
,,,,,
,,,,,
,,,,,
,,,,,
,,,,,
,,,,,
,,,,,
,,,,,
,,,,,
,,,,,
,,,,,
,,,,,
,,,,,
,,,,,
,,,,,
,,,,,
,,,,,
,,,,,
,,,,,
,,,,,
,,,,,
,,,,,
,,,,,
,,,,,
,,,,,
,,,,,
,,,,,
,,,,,
,,,,,
,,,,,
,,,,,
,,,,,
,,,,,
,,,,,
,,,,,
,,,,,
,,,,,
,,,,,
,,,,,
,,,,,
,,,,,
,,,,,
,,,,,
,,,,,
,,,,,
,,,,,
,,,,,
,,,,,
,,,,,
,,,,,
,,,,,
,,,,,
,,,,,
,,,,,
,,,,,
,,,,,
,,,,,
,,,,,
,,,,,
,,,,,
,,,,,
,,,,,
,,,,,
,,,,,
,,,,,
,,,,,
,,,,,
,,,,,
,,,,,
,,,,,
,,,,,
,,,,,
,,,,,
,,,,,
,,,,,
,,,,,
,,,,,
,,,,,
,,,,,
,,,,,
,,,,,
,,,,,
,,,,,
,,,,,
,,,,,
,,,,,
,,,,,
,,,,,
,,,,,
,,,,,
,,,,,
,,,,,
,,,,,
,,,,,
,,,,,
,,,,,
,,,,,
,,,,,
,,,,,
,,,,,
,,,,,
,,,,,
,,,,,
,,,,,
,,,,,
,,,,,
,,,,,
,,,,,
,,,,,
,,,,,
,,,,,
,,,,,
,,,,,
,,,,,
,,,,,
,,,,,
,,,,,
,,,,,
,,,,,
,,,,,
,,,,,
,,,,,
,,,,,
,,,,,
,,,,,
,,,,,
,,,,,
,,,,,
,,,,,
,,,,,
,,,,,
,,,,,
,,,,,
,,,,,
,,,,,
,,,,,
,,,,,
,,,,,
,,,,,
,,,,,
,,,,,
,,,,,
,,,,,
,,,,,
,,,,,
,,,,,
,,,,,
,,,,,
,,,,,
,,,,,
,,,,,
,,,,,
,,,,,
,,,,,
,,,,,
,,,,,
,,,,,
,,,,,
,,,,,
,,,,,
,,,,,
,,,,,
,,,,,
,,,,,
,,,,,
,,,,,
,,,,,
,,,,,
,,,,,
,,,,,
,,,,,
,,,,,
,,,,,
,,,,,
,,,,,
,,,,,
,,,,,
,,,,,
,,,,,
,,,,,
,,,,,
,,,,,
,,,,,
,,,,,
,,,,,
,,,,,
,,,,,
,,,,,
,,,,,
,,,,,
,,,,,
,,,,,
,,,,,
,,,,,
,,,,,
,,,,,
,,,,,
,,,,,
,,,,,
,,,,,
,,,,,
,,,,,
,,,,,
,,,,,
,,,,,
,,,,,
,,,,,
,,,,,
,,,,,
,,,,,
,,,,,
,,,,,
,,,,,
,,,,,
,,,,,
,,,,,
,,,,,
,,,,,
,,,,,
,,,,,
,,,,,
,,,,,
,,,,,
,,,,,
,,,,,
,,,,,
,,,,,
,,,,,
,,,,,
,,,,,
,,,,,
,,,,,
,,,,,
,,,,,
,,,,,
,,,,,
,,,,,
,,,,,
,,,,,
,,,,,
,,,,,
,,,,,
,,,,,
,,,,,
,,,,,
,,,,,
,,,,,
,,,,,
,,,,,
,,,,,
,,,,,
,,,,,
,,,,,
,,,,,
,,,,,
,,,,,
,,,,,
,,,,,
,,,,,
,,,,,
,,,,,
,,,,,
,,,,,
,,,,,
,,,,,
,,,,,
,,,,,
,,,,,
,,,,,
,,,,,
,,,,,
,,,,,
,,,,,
,,,,,
,,,,,
,,,,,
,,,,,
,,,,,
,,,,,
,,,,,
,,,,,
,,,,,
,,,,,
,,,,,
,,,,,
,,,,,
,,,,,
,,,,,
,,,,,
,,,,,
,,,,,
,,,,,
,,,,,
,,,,,
,,,,,
,,,,,
,,,,,
,,,,,
,,,,,
,,,,,
,,,,,
,,,,,
,,,,,
,,,,,
,,,,,
,,,,,
,,,,,
,,,,,
,,,,,
,,,,,
,,,,,
,,,,,
,,,,,
,,,,,
,,,,,
,,,,,
,,,,,
,,,,,
,,,,,
,,,,,
,,,,,
,,,,,
,,,,,
,,,,,
,,,,,
,,,,,
,,,,,
,,,,,
,,,,,
,,,,,
,,,,,
,,,,,
,,,,,
,,,,,
,,,,,
,,,,,
,,,,,
,,,,,
,,,,,
,,,,,
,,,,,
,,,,,
,,,,,
,,,,,
,,,,,
,,,,,
,,,,,
,,,,,
,,,,,
,,,,,
,,,,,
,,,,,
,,,,,
,,,,,
,,,,,
,,,,,
,,,,,
,,,,,
,,,,,
,,,,,
,,,,,
,,,,,
,,,,,
,,,,,
,,,,,
,,,,,
,,,,,
,,,,,
,,,,,
,,,,,
,,,,,
,,,,,
,,,,,
,,,,,
,,,,,
,,,,,
,,,,,
,,,,,
,,,,,
,,,,,
,,,,,
,,,,,
,,,,,
,,,,,
,,,,,
,,,,,
,,,,,
,,,,,
,,,,,
,,,,,
,,,,,
,,,,,
,,,,,
,,,,,
,,,,,
,,,,,
,,,,,
,,,,,
,,,,,
,,,,,
,,,,,
,,,,,
,,,,,
,,,,,
,,,,,
,,,,,
,,,,,
,,,,,
,,,,,
,,,,,
,,,,,
,,,,,
,,,,,
,,,,,
,,,,,
,,,,,
,,,,,
,,,,,
,,,,,
,,,,,
,,,,,
,,,,,
,,,,,
,,,,,
,,,,,
,,,,,
,,,,,
,,,,,
,,,,,
,,,,,
,,,,,
,,,,,
,,,,,
,,,,,
,,,,,
,,,,,
,,,,,
,,,,,
,,,,,
,,,,,
,,,,,
,,,,,
,,,,,
,,,,,
,,,,,
,,,,,
,,,,,
,,,,,
,,,,,
,,,,,
,,,,,
,,,,,
,,,,,
,,,,,
,,,,,
,,,,,
,,,,,
,,,,,
,,,,,
,,,,,
,,,,,
,,,,,
,,,,,
,,,,,
,,,,,
,,,,,
,,,,,
,,,,,
,,,,,
,,,,,
,,,,,
,,,,,
,,,,,
,,,,,
,,,,,
,,,,,
,,,,,
,,,,,
,,,,,
,,,,,
,,,,,
,,,,,
,,,,,
,,,,,
,,,,,
,,,,,
,,,,,
,,,,,
,,,,,
,,,,,
,,,,,
,,,,,
,,,,,
,,,,,
,,,,,
,,,,,
,,,,,
,,,,,
,,,,,
,,,,,
,,,,,
,,,,,
,,,,,
,,,,,
,,,,,
,,,,,
,,,,,
,,,,,
,,,,,
,,,,,
,,,,,
,,,,,
,,,,,
,,,,,
,,,,,
,,,,,
,,,,,
,,,,,
,,,,,
,,,,,
,,,,,
,,,,,
,,,,,
,,,,,
,,,,,
,,,,,
,,,,,
,,,,,
,,,,,
,,,,,
,,,,,
,,,,,
,,,,,
,,,,,
,,,,,
,,,,,
,,,,,
,,,,,
,,,,,
,,,,,
,,,,,
,,,,,
,,,,,
,,,,,
,,,,,
,,,,,
,,,,,
,,,,,
,,,,,
,,,,,
,,,,,
,,,,,
,,,,,
,,,,,
,,,,,
,,,,,
,,,,,
,,,,,
,,,,,
,,,,,
,,,,,
,,,,,
,,,,,
,,,,,
,,,,,
,,,,,
,,,,,
,,,,,
,,,,,
,,,,,
,,,,,
,,,,,
,,,,,
,,,,,
,,,,,
,,,,,
,,,,,
,,,,,
,,,,,
,,,,,
,,,,,
,,,,,
,,,,,
,,,,,
,,,,,
,,,,,
,,,,,
,,,,,
,,,,,
,,,,,
,,,,,
,,,,,
,,,,,
,,,,,
,,,,,
,,,,,
,,,,,
,,,,,
,,,,,
,,,,,
,,,,,
,,,,,
,,,,,
,,,,,
,,,,,
,,,,,
,,,,,
,,,,,
,,,,,
,,,,,
,,,,,
,,,,,
,,,,,
,,,,,
,,,,,
,,,,,
,,,,,
,,,,,
,,,,,
,,,,,
,,,,,
,,,,,
,,,,,
,,,,,
,,,,,
,,,,,
,,,,,
,,,,,
,,,,,
,,,,,
,,,,,
,,,,,
,,,,,
,,,,,
,,,,,
,,,,,
,,,,,
,,,,,
,,,,,
,,,,,
,,,,,
,,,,,
,,,,,
,,,,,
,,,,,
,,,,,
,,,,,
,,,,,
,,,,,
,,,,,
,,,,,
,,,,,
,,,,,
,,,,,
,,,,,
,,,,,
,,,,,
,,,,,
,,,,,
,,,,,
,,,,,
,,,,,
,,,,,
,,,,,
,,,,,
,,,,,
,,,,,
,,,,,
,,,,,
,,,,,
,,,,,
,,,,,
,,,,,
,,,,,
,,,,,
,,,,,
,,,,,
,,,,,
,,,,,
,,,,,
,,,,,
,,,,,
,,,,,
,,,,,
,,,,,
,,,,,
,,,,,
,,,,,
,,,,,
,,,,,
,,,,,
,,,,,
,,,,,
,,,,,
,,,,,
,,,,,
,,,,,
,,,,,
,,,,,
,,,,,
,,,,,
,,,,,
,,,,,
,,,,,
,,,,,
,,,,,
,,,,,
,,,,,
,,,,,
,,,,,
,,,,,
,,,,,
,,,,,
,,,,,
,,,,,
,,,,,
,,,,,
,,,,,
,,,,,
,,,,,
,,,,,
,,,,,
,,,,,
,,,,,
,,,,,
,,,,,
,,,,,
,,,,,
,,,,,
,,,,,
,,,,,
,,,,,
,,,,,
,,,,,
,,,,,
,,,,,
,,,,,
,,,,,
,,,,,
,,,,,
,,,,,
,,,,,
,,,,,
,,,,,
,,,,,
,,,,,
,,,,,
,,,,,
,,,,,
,,,,,
,,,,,
,,,,,
,,,,,
,,,,,
,,,,,
,,,,,
,,,,,
,,,,,
,,,,,
,,,,,
,,,,,
,,,,,
,,,,,
,,,,,
,,,,,
,,,,,
,,,,,
,,,,,
,,,,,
,,,,,
,,,,,
,,,,,
,,,,,
,,,,,
,,,,,
,,,,,
,,,,,
,,,,,
,,,,,
,,,,,
,,,,,
,,,,,
,,,,,
,,,,,
,,,,,
,,,,,
,,,,,
,,,,,
,,,,,
,,,,,
,,,,,
,,,,,
,,,,,
,,,,,
,,,,,
,,,,,
,,,,,
,,,,,
,,,,,
,,,,,
,,,,,
,,,,,
,,,,,
,,,,,
,,,,,
,,,,,
,,,,,
,,,,,
,,,,,
,,,,,
,,,,,
,,,,,
,,,,,
,,,,,
,,,,,
,,,,,
,,,,,
,,,,,
,,,,,
,,,,,
,,,,,
,,,,,
,,,,,
,,,,,
,,,,,
,,,,,
,,,,,
,,,,,
,,,,,
,,,,,
,,,,,
,,,,,
,,,,,
,,,,,
,,,,,
,,,,,
,,,,,
,,,,,
,,,,,
,,,,,
,,,,,
,,,,,
,,,,,
,,,,,
,,,,,
,,,,,
,,,,,
,,,,,
,,,,,
,,,,,
,,,,,
,,,,,
,,,,,
,,,,,
,,,,,
,,,,,
,,,,,
,,,,,
,,,,,
,,,,,
,,,,,
,,,,,
,,,,,
,,,,,
,,,,,
,,,,,
,,,,,
,,,,,
,,,,,
,,,,,
,,,,,
,,,,,
,,,,,
,,,,,
,,,,,
,,,,,
,,,,,
,,,,,
,,,,,
,,,,,
,,,,,
,,,,,
,,,,,
,,,,,
,,,,,
,,,,,
,,,,,
,,,,,
,,,,,
,,,,,
,,,,,
,,,,,
,,,,,
,,,,,
,,,,,
,,,,,
,,,,,
,,,,,
,,,,,
,,,,,
,,,,,
,,,,,
,,,,,
,,,,,
,,,,,
,,,,,
,,,,,
,,,,,
,,,,,
,,,,,
,,,,,
,,,,,
,,,,,
,,,,,
,,,,,
,,,,,
,,,,,
,,,,,
,,,,,
,,,,,
,,,,,
,,,,,
,,,,,
,,,,,
,,,,,
,,,,,
,,,,,
,,,,,
,,,,,
,,,,,
,,,,,
,,,,,
,,,,,
,,,,,
,,,,,
,,,,,
,,,,,
,,,,,
,,,,,
,,,,,
,,,,,
,,,,,
,,,,,
,,,,,
,,,,,
,,,,,
,,,,,
,,,,,
,,,,,
,,,,,
,,,,,
,,,,,
,,,,,
,,,,,
,,,,,
,,,,,
,,,,,
,,,,,
,,,,,
,,,,,
,,,,,
,,,,,
,,,,,
,,,,,
,,,,,
,,,,,
,,,,,
,,,,,
,,,,,
,,,,,
,,,,,
,,,,,
,,,,,
,,,,,
,,,,,
,,,,,
,,,,,
,,,,,
,,,,,
,,,,,
,,,,,
,,,,,
,,,,,
,,,,,
,,,,,
,,,,,
,,,,,
,,,,,
,,,,,
,,,,,
,,,,,
,,,,,
,,,,,
,,,,,
,,,,,
,,,,,
,,,,,
,,,,,
,,,,,
,,,,,
,,,,,
,,,,,
,,,,,
,,,,,
,,,,,
,,,,,
,,,,,
,,,,,
,,,,,
,,,,,
,,,,,
,,,,,
,,,,,
,,,,,
,,,,,
,,,,,
,,,,,
,,,,,
,,,,,
,,,,,
,,,,,
,,,,,
,,,,,
,,,,,
,,,,,
,,,,,
,,,,,
,,,,,
,,,,,
,,,,,
,,,,,
,,,,,
,,,,,
,,,,,
,,,,,
,,,,,
,,,,,
,,,,,
,,,,,
,,,,,
,,,,,
,,,,,
,,,,,
,,,,,
,,,,,
,,,,,
,,,,,
,,,,,
,,,,,
,,,,,
,,,,,
,,,,,
,,,,,
,,,,,
,,,,,
,,,,,
,,,,,
,,,,,
,,,,,
,,,,,
,,,,,
,,,,,
,,,,,
,,,,,
,,,,,
,,,,,
,,,,,
,,,,,
,,,,,
,,,,,
,,,,,
,,,,,
,,,,,
,,,,,
,,,,,
,,,,,
,,,,,
,,,,,
,,,,,
,,,,,
,,,,,
,,,,,
,,,,,
,,,,,
,,,,,
,,,,,
,,,,,
,,,,,
,,,,,
,,,,,
,,,,,
,,,,,
,,,,,
,,,,,
,,,,,
,,,,,
,,,,,
,,,,,
,,,,,
,,,,,
,,,,,
,,,,,
,,,,,
,,,,,
,,,,,
,,,,,
,,,,,
,,,,,
,,,,,
,,,,,
,,,,,
,,,,,
,,,,,
,,,,,
,,,,,
,,,,,
,,,,,
,,,,,
,,,,,
,,,,,
,,,,,
,,,,,
,,,,,
,,,,,
,,,,,
,,,,,
,,,,,
,,,,,
,,,,,
,,,,,
,,,,,
,,,,,
,,,,,
,,,,,
,,,,,
,,,,,
,,,,,
,,,,,
,,,,,
,,,,,
,,,,,
,,,,,
,,,,,
,,,,,
,,,,,
,,,,,
,,,,,
,,,,,
,,,,,
,,,,,
,,,,,
,,,,,
,,,,,
,,,,,
,,,,,
,,,,,
,,,,,
,,,,,
,,,,,
,,,,,
,,,,,
,,,,,
,,,,,
,,,,,
,,,,,
,,,,,
,,,,,
,,,,,
,,,,,
,,,,,
,,,,,
,,,,,
,,,,,
,,,,,
,,,,,
,,,,,
,,,,,
,,,,,
,,,,,
,,,,,
,,,,,
,,,,,
,,,,,
,,,,,
,,,,,
,,,,,
,,,,,
,,,,,
,,,,,
,,,,,
,,,,,
,,,,,
,,,,,
,,,,,
,,,,,
,,,,,
,,,,,
,,,,,
,,,,,
,,,,,
,,,,,
,,,,,
,,,,,
,,,,,
,,,,,
,,,,,
,,,,,
,,,,,
,,,,,
,,,,,
,,,,,
,,,,,
,,,,,
,,,,,
,,,,,
,,,,,
,,,,,
,,,,,
,,,,,
,,,,,
,,,,,
,,,,,
,,,,,
,,,,,
,,,,,
,,,,,
,,,,,
,,,,,
,,,,,
,,,,,
,,,,,
,,,,,
,,,,,
,,,,,
,,,,,
,,,,,
,,,,,
,,,,,
,,,,,
,,,,,
,,,,,
,,,,,
,,,,,
,,,,,
,,,,,
,,,,,
,,,,,
,,,,,
,,,,,
,,,,,
,,,,,
,,,,,
,,,,,
,,,,,
,,,,,
,,,,,
,,,,,
,,,,,
,,,,,
,,,,,
,,,,,
,,,,,
,,,,,
,,,,,
,,,,,
,,,,,
,,,,,
,,,,,
,,,,,
,,,,,
,,,,,
,,,,,
,,,,,
,,,,,
,,,,,
,,,,,
,,,,,
,,,,,
,,,,,
,,,,,
,,,,,
,,,,,
,,,,,
,,,,,
,,,,,
,,,,,
,,,,,
,,,,,
,,,,,
,,,,,
,,,,,
,,,,,
,,,,,
,,,,,
,,,,,
,,,,,
,,,,,
,,,,,
,,,,,
,,,,,
,,,,,
,,,,,
,,,,,
,,,,,
,,,,,
,,,,,
,,,,,
,,,,,
,,,,,
,,,,,
,,,,,
,,,,,
,,,,,
,,,,,
,,,,,
,,,,,
,,,,,
,,,,,
,,,,,
,,,,,
,,,,,
,,,,,
,,,,,
,,,,,
,,,,,
,,,,,
,,,,,
,,,,,
,,,,,
,,,,,
,,,,,
,,,,,
,,,,,
,,,,,
,,,,,
,,,,,
,,,,,
,,,,,
,,,,,
,,,,,
,,,,,
,,,,,
,,,,,
,,,,,
,,,,,
,,,,,
,,,,,
,,,,,
,,,,,
,,,,,
,,,,,
,,,,,
,,,,,
,,,,,
,,,,,
,,,,,
,,,,,
,,,,,
,,,,,
,,,,,
,,,,,
,,,,,
,,,,,
,,,,,
,,,,,
,,,,,
,,,,,
,,,,,
,,,,,
,,,,,
,,,,,
,,,,,
,,,,,
,,,,,
,,,,,
,,,,,
,,,,,
,,,,,
,,,,,
,,,,,
,,,,,
,,,,,
,,,,,
,,,,,
,,,,,
,,,,,
,,,,,
,,,,,
,,,,,
,,,,,
,,,,,
,,,,,
,,,,,
,,,,,
,,,,,
,,,,,
,,,,,
,,,,,
,,,,,
,,,,,
,,,,,
,,,,,
,,,,,
,,,,,
,,,,,
,,,,,
,,,,,
,,,,,
,,,,,
,,,,,
,,,,,
,,,,,
,,,,,
,,,,,
,,,,,
,,,,,
,,,,,
,,,,,
,,,,,
,,,,,
,,,,,
,,,,,
,,,,,
,,,,,
,,,,,
,,,,,
,,,,,
,,,,,
,,,,,
,,,,,
,,,,,
,,,,,
,,,,,
,,,,,
,,,,,
,,,,,
,,,,,
,,,,,
,,,,,
,,,,,
,,,,,
,,,,,
,,,,,
,,,,,
,,,,,
,,,,,
,,,,,
,,,,,
,,,,,
,,,,,
,,,,,
,,,,,
,,,,,
,,,,,
,,,,,
,,,,,
,,,,,
,,,,,
,,,,,
,,,,,
,,,,,
,,,,,
,,,,,
,,,,,
,,,,,
,,,,,
,,,,,
,,,,,
,,,,,
,,,,,
,,,,,
,,,,,
,,,,,
,,,,,
,,,,,
,,,,,
,,,,,
,,,,,
,,,,,
,,,,,
,,,,,
,,,,,
,,,,,
,,,,,
,,,,,
,,,,,
,,,,,
,,,,,
,,,,,
,,,,,
,,,,,
,,,,,
,,,,,
,,,,,
,,,,,
,,,,,
,,,,,
,,,,,
,,,,,
,,,,,
,,,,,
,,,,,
,,,,,
,,,,,
,,,,,
,,,,,
,,,,,
,,,,,
,,,,,
,,,,,
,,,,,
,,,,,
,,,,,
,,,,,
,,,,,
,,,,,
,,,,,
,,,,,
,,,,,
,,,,,
,,,,,
,,,,,
,,,,,
,,,,,
,,,,,
,,,,,
,,,,,
,,,,,
,,,,,
,,,,,
,,,,,
,,,,,
,,,,,
,,,,,
,,,,,
,,,,,
,,,,,
,,,,,
,,,,,
,,,,,
,,,,,
,,,,,
,,,,,
,,,,,
,,,,,
,,,,,
,,,,,
,,,,,
,,,,,
,,,,,
,,,,,
,,,,,
,,,,,
,,,,,
,,,,,
,,,,,
,,,,,
,,,,,
,,,,,
,,,,,
,,,,,
,,,,,
,,,,,
,,,,,
,,,,,
,,,,,
,,,,,
,,,,,
,,,,,
,,,,,
,,,,,
,,,,,
,,,,,
,,,,,
,,,,,
,,,,,
,,,,,
,,,,,
,,,,,
,,,,,
,,,,,
,,,,,
,,,,,
,,,,,
,,,,,
,,,,,
,,,,,
,,,,,
,,,,,
,,,,,
,,,,,
,,,,,
,,,,,
,,,,,
,,,,,
,,,,,
,,,,,
,,,,,
,,,,,
,,,,,
,,,,,
,,,,,
,,,,,
,,,,,
,,,,,
,,,,,
,,,,,
,,,,,
,,,,,
,,,,,
,,,,,
,,,,,
,,,,,
,,,,,
,,,,,
,,,,,
,,,,,
,,,,,
,,,,,
,,,,,
,,,,,
,,,,,
,,,,,
,,,,,
,,,,,
,,,,,
,,,,,
,,,,,
,,,,,
,,,,,
,,,,,
,,,,,
,,,,,
,,,,,
,,,,,
,,,,,
,,,,,
,,,,,
,,,,,
,,,,,
,,,,,
,,,,,
,,,,,
,,,,,
,,,,,
,,,,,
,,,,,
,,,,,
,,,,,
,,,,,
,,,,,
,,,,,
,,,,,
,,,,,
,,,,,
,,,,,
,,,,,
,,,,,
,,,,,
,,,,,
,,,,,
,,,,,
,,,,,
,,,,,
,,,,,
,,,,,
,,,,,
,,,,,
,,,,,
,,,,,
,,,,,
,,,,,
,,,,,
,,,,,
,,,,,
,,,,,
,,,,,
,,,,,
,,,,,
,,,,,
,,,,,
,,,,,
,,,,,
,,,,,
,,,,,
,,,,,
,,,,,
,,,,,
,,,,,
,,,,,
,,,,,
,,,,,
,,,,,
,,,,,
,,,,,
,,,,,
,,,,,
,,,,,
,,,,,
,,,,,
,,,,,
,,,,,
,,,,,
,,,,,
,,,,,
,,,,,
,,,,,
,,,,,
,,,,,
,,,,,
,,,,,
,,,,,
,,,,,
,,,,,
,,,,,
,,,,,
,,,,,
,,,,,
,,,,,
,,,,,
,,,,,
,,,,,
,,,,,
,,,,,
,,,,,
,,,,,
,,,,,
,,,,,
,,,,,
,,,,,
,,,,,
,,,,,
,,,,,
,,,,,
,,,,,
,,,,,
,,,,,
,,,,,
,,,,,
,,,,,
,,,,,
,,,,,
,,,,,
,,,,,
,,,,,
,,,,,
,,,,,
,,,,,
,,,,,
,,,,,
,,,,,
,,,,,
,,,,,
,,,,,
,,,,,
,,,,,
,,,,,
,,,,,
,,,,,
,,,,,
,,,,,
,,,,,
,,,,,
,,,,,
,,,,,
,,,,,
,,,,,
,,,,,
,,,,,
,,,,,
,,,,,
,,,,,
,,,,,
,,,,,
,,,,,
,,,,,
,,,,,
,,,,,
,,,,,
,,,,,
,,,,,
,,,,,
,,,,,
,,,,,
,,,,,
,,,,,
,,,,,
,,,,,
,,,,,
,,,,,
,,,,,
,,,,,
,,,,,
,,,,,
,,,,,
,,,,,
,,,,,
,,,,,
,,,,,
,,,,,
,,,,,
,,,,,
,,,,,
,,,,,
,,,,,
,,,,,
,,,,,
,,,,,
,,,,,
,,,,,
,,,,,
,,,,,
,,,,,
,,,,,
,,,,,
,,,,,
,,,,,
,,,,,
,,,,,
,,,,,
,,,,,
,,,,,
,,,,,
,,,,,
,,,,,
,,,,,
,,,,,
,,,,,
,,,,,
,,,,,
,,,,,
,,,,,
,,,,,
,,,,,
,,,,,
,,,,,
,,,,,
,,,,,
,,,,,
,,,,,
,,,,,
,,,,,
,,,,,
,,,,,
,,,,,
,,,,,
,,,,,
,,,,,
,,,,,
,,,,,
,,,,,
,,,,,
,,,,,
,,,,,
,,,,,
,,,,,
,,,,,
,,,,,
,,,,,
,,,,,
,,,,,
,,,,,
,,,,,
,,,,,
,,,,,
,,,,,
,,,,,
,,,,,
,,,,,
,,,,,
,,,,,
,,,,,
,,,,,
,,,,,
,,,,,
,,,,,
,,,,,
,,,,,
,,,,,
,,,,,
,,,,,
,,,,,
,,,,,
,,,,,
,,,,,
,,,,,
,,,,,
,,,,,
,,,,,
,,,,,
,,,,,
,,,,,
,,,,,
,,,,,
,,,,,
,,,,,
,,,,,
,,,,,
,,,,,
,,,,,
,,,,,
,,,,,
,,,,,
,,,,,
,,,,,
,,,,,
,,,,,
,,,,,
,,,,,
,,,,,
,,,,,
,,,,,
,,,,,
,,,,,
,,,,,
,,,,,
,,,,,
,,,,,
,,,,,
,,,,,
,,,,,
,,,,,
,,,,,
,,,,,
,,,,,
,,,,,
,,,,,
,,,,,
,,,,,
,,,,,
,,,,,
,,,,,
,,,,,
,,,,,
,,,,,
,,,,,
,,,,,
,,,,,
,,,,,
,,,,,
,,,,,
,,,,,
,,,,,
,,,,,
,,,,,
,,,,,
,,,,,
,,,,,
,,,,,
,,,,,
,,,,,
,,,,,
,,,,,
,,,,,
,,,,,
,,,,,
,,,,,
,,,,,
,,,,,
,,,,,
,,,,,
,,,,,
,,,,,
,,,,,
,,,,,
,,,,,
,,,,,
,,,,,
,,,,,
,,,,,
,,,,,
,,,,,
,,,,,
,,,,,
,,,,,
,,,,,
,,,,,
,,,,,
,,,,,
,,,,,
,,,,,
,,,,,
,,,,,
,,,,,
,,,,,
,,,,,
,,,,,
,,,,,
,,,,,
,,,,,
,,,,,
,,,,,
,,,,,
,,,,,
,,,,,
,,,,,
,,,,,
,,,,,
,,,,,
,,,,,
,,,,,
,,,,,
,,,,,
,,,,,
,,,,,
,,,,,
,,,,,
,,,,,
,,,,,
,,,,,
,,,,,
,,,,,
,,,,,
,,,,,
,,,,,
,,,,,
,,,,,
,,,,,
,,,,,
,,,,,
,,,,,
,,,,,
,,,,,
,,,,,
,,,,,
,,,,,
,,,,,
,,,,,
,,,,,
,,,,,
,,,,,
,,,,,
,,,,,
,,,,,
,,,,,
,,,,,
,,,,,
,,,,,
,,,,,
,,,,,
,,,,,
,,,,,
,,,,,
,,,,,
,,,,,
,,,,,
,,,,,
,,,,,
,,,,,
,,,,,
,,,,,
,,,,,
,,,,,
,,,,,
,,,,,
,,,,,
,,,,,
,,,,,
,,,,,
,,,,,
,,,,,
,,,,,
,,,,,
,,,,,
,,,,,
,,,,,
,,,,,
,,,,,
,,,,,
,,,,,
,,,,,
,,,,,
,,,,,
,,,,,
,,,,,
,,,,,
,,,,,
,,,,,
,,,,,
,,,,,
,,,,,
,,,,,
,,,,,
,,,,,
,,,,,
,,,,,
,,,,,
,,,,,
,,,,,
,,,,,
,,,,,
,,,,,
,,,,,
,,,,,
,,,,,
,,,,,
,,,,,
,,,,,
,,,,,
,,,,,
,,,,,
,,,,,
,,,,,
,,,,,
,,,,,
,,,,,
,,,,,
,,,,,
,,,,,
,,,,,
,,,,,
,,,,,
,,,,,
,,,,,
,,,,,
,,,,,
,,,,,
,,,,,
,,,,,
,,,,,
,,,,,
,,,,,
,,,,,
,,,,,
,,,,,
,,,,,
,,,,,
,,,,,
,,,,,
,,,,,
,,,,,
,,,,,
,,,,,
,,,,,
,,,,,
,,,,,
,,,,,
,,,,,
,,,,,
,,,,,
,,,,,
,,,,,
,,,,,
,,,,,
,,,,,
,,,,,
,,,,,
,,,,,
,,,,,
,,,,,
,,,,,
,,,,,
,,,,,
,,,,,
,,,,,
,,,,,
,,,,,
,,,,,
,,,,,
,,,,,
,,,,,
,,,,,
,,,,,
,,,,,
,,,,,
,,,,,
,,,,,
,,,,,
,,,,,
,,,,,
,,,,,
,,,,,
,,,,,
,,,,,
,,,,,
,,,,,
,,,,,
,,,,,
,,,,,
,,,,,
,,,,,
,,,,,
,,,,,
,,,,,
,,,,,
,,,,,
,,,,,
,,,,,
,,,,,
,,,,,
,,,,,
,,,,,
,,,,,
,,,,,
,,,,,
,,,,,
,,,,,
,,,,,
,,,,,
,,,,,
,,,,,
,,,,,
,,,,,
,,,,,
,,,,,
,,,,,
,,,,,
,,,,,
,,,,,
,,,,,
,,,,,
,,,,,
,,,,,
,,,,,
,,,,,
,,,,,
,,,,,
,,,,,
,,,,,
,,,,,
,,,,,
,,,,,
,,,,,
,,,,,
,,,,,
,,,,,
,,,,,
,,,,,
,,,,,
,,,,,
,,,,,
,,,,,
,,,,,
,,,,,
,,,,,
,,,,,
,,,,,
,,,,,
,,,,,
,,,,,
,,,,,
,,,,,
,,,,,
,,,,,
,,,,,
,,,,,
,,,,,
,,,,,
,,,,,
,,,,,
,,,,,
,,,,,
,,,,,
,,,,,
,,,,,
,,,,,
,,,,,
,,,,,
,,,,,
,,,,,
,,,,,
,,,,,
,,,,,
,,,,,
,,,,,
,,,,,
,,,,,
,,,,,
,,,,,
,,,,,
,,,,,
,,,,,
,,,,,
,,,,,
,,,,,
,,,,,
,,,,,
,,,,,
,,,,,
,,,,,
,,,,,
,,,,,
,,,,,
,,,,,
,,,,,
,,,,,
,,,,,
,,,,,
,,,,,
,,,,,
,,,,,
,,,,,
,,,,,
,,,,,
,,,,,
,,,,,
,,,,,
,,,,,
,,,,,
,,,,,
,,,,,
,,,,,
,,,,,
,,,,,
,,,,,
,,,,,
,,,,,
,,,,,
,,,,,
,,,,,
,,,,,
,,,,,
,,,,,
,,,,,
,,,,,
,,,,,
,,,,,
,,,,,
,,,,,
,,,,,
,,,,,
,,,,,
,,,,,
,,,,,
,,,,,
,,,,,
,,,,,
,,,,,
,,,,,
,,,,,
,,,,,
,,,,,
,,,,,
,,,,,
,,,,,
,,,,,
,,,,,
,,,,,
,,,,,
,,,,,
,,,,,
,,,,,
,,,,,
,,,,,
,,,,,
,,,,,
,,,,,
,,,,,
,,,,,
,,,,,
,,,,,
,,,,,
,,,,,
,,,,,
,,,,,
,,,,,
,,,,,
,,,,,
,,,,,
,,,,,
,,,,,
,,,,,
,,,,,
,,,,,
,,,,,
,,,,,
,,,,,
,,,,,
,,,,,
,,,,,
,,,,,
,,,,,
,,,,,
,,,,,
,,,,,
,,,,,
,,,,,
,,,,,
,,,,,
,,,,,
,,,,,
,,,,,
,,,,,
,,,,,
,,,,,
,,,,,
,,,,,
,,,,,
,,,,,
,,,,,
,,,,,
,,,,,
,,,,,
,,,,,
,,,,,
,,,,,
,,,,,
,,,,,
,,,,,
,,,,,
,,,,,
,,,,,
,,,,,
,,,,,
,,,,,
,,,,,
,,,,,
,,,,,
,,,,,
,,,,,
,,,,,
,,,,,
,,,,,
,,,,,
,,,,,
,,,,,
,,,,,
,,,,,
,,,,,
,,,,,
,,,,,
,,,,,
,,,,,
,,,,,
,,,,,
,,,,,
,,,,,
,,,,,
,,,,,
,,,,,
,,,,,
,,,,,
,,,,,
,,,,,
,,,,,
,,,,,
,,,,,
,,,,,
,,,,,
,,,,,
,,,,,
,,,,,
,,,,,
,,,,,
,,,,,
,,,,,
,,,,,
,,,,,
,,,,,
,,,,,
,,,,,
,,,,,
,,,,,
,,,,,
,,,,,
,,,,,
,,,,,
,,,,,
,,,,,
,,,,,
,,,,,
,,,,,
,,,,,
,,,,,
,,,,,
,,,,,
,,,,,
,,,,,
,,,,,
,,,,,
,,,,,
,,,,,
,,,,,
,,,,,
,,,,,
,,,,,
,,,,,
,,,,,
,,,,,
,,,,,
,,,,,
,,,,,
,,,,,
,,,,,
,,,,,
,,,,,
,,,,,
,,,,,
,,,,,
,,,,,
,,,,,
,,,,,
,,,,,
,,,,,
,,,,,
,,,,,
,,,,,
,,,,,
,,,,,
,,,,,
,,,,,
,,,,,
,,,,,
,,,,,
,,,,,
,,,,,
,,,,,
,,,,,
,,,,,
,,,,,
,,,,,
,,,,,
,,,,,
,,,,,
,,,,,
,,,,,
,,,,,
,,,,,
,,,,,
,,,,,
,,,,,
,,,,,
,,,,,
,,,,,
,,,,,
,,,,,
,,,,,
,,,,,
,,,,,
,,,,,
,,,,,
,,,,,
,,,,,
,,,,,
,,,,,
,,,,,
,,,,,
,,,,,
,,,,,
,,,,,
,,,,,
,,,,,
,,,,,
,,,,,
,,,,,
,,,,,
,,,,,
,,,,,
,,,,,
,,,,,
,,,,,
,,,,,
,,,,,
,,,,,
,,,,,
,,,,,
,,,,,
,,,,,
,,,,,
,,,,,
,,,,,
,,,,,
,,,,,
,,,,,
,,,,,
,,,,,
,,,,,
,,,,,
,,,,,
,,,,,
,,,,,
,,,,,
,,,,,
,,,,,
,,,,,
,,,,,
,,,,,
,,,,,
,,,,,
,,,,,
,,,,,
,,,,,
,,,,,
,,,,,
,,,,,
,,,,,
,,,,,
,,,,,
,,,,,
,,,,,
,,,,,
,,,,,
,,,,,
,,,,,
,,,,,
,,,,,
,,,,,
,,,,,
,,,,,
,,,,,
,,,,,
,,,,,
,,,,,
,,,,,
,,,,,
,,,,,
,,,,,
,,,,,
,,,,,
,,,,,
,,,,,
,,,,,
,,,,,
,,,,,
,,,,,
,,,,,
,,,,,
,,,,,
,,,,,
,,,,,
,,,,,
,,,,,
,,,,,
,,,,,
,,,,,
,,,,,
,,,,,
,,,,,
,,,,,
,,,,,
,,,,,
,,,,,
,,,,,
,,,,,
,,,,,
,,,,,
,,,,,
,,,,,
,,,,,
,,,,,
,,,,,
,,,,,
,,,,,
,,,,,
,,,,,
,,,,,
,,,,,
,,,,,
,,,,,
,,,,,
,,,,,
,,,,,
,,,,,
,,,,,
,,,,,
,,,,,
,,,,,
,,,,,
,,,,,
,,,,,
,,,,,
,,,,,
,,,,,
,,,,,
,,,,,
,,,,,
,,,,,
,,,,,
,,,,,
,,,,,
,,,,,
,,,,,
,,,,,
,,,,,
,,,,,
,,,,,
,,,,,
,,,,,
,,,,,
,,,,,
,,,,,
,,,,,
,,,,,
,,,,,
,,,,,
,,,,,
,,,,,
,,,,,
,,,,,
,,,,,
,,,,,
,,,,,
,,,,,
,,,,,
,,,,,
,,,,,
,,,,,
,,,,,
,,,,,
,,,,,
,,,,,
,,,,,
,,,,,
,,,,,
,,,,,
,,,,,
,,,,,
,,,,,
,,,,,
,,,,,
,,,,,
,,,,,
,,,,,
,,,,,
,,,,,
,,,,,
,,,,,
,,,,,
,,,,,
,,,,,
,,,,,
,,,,,
,,,,,
,,,,,
,,,,,
,,,,,
,,,,,
,,,,,
,,,,,
,,,,,
,,,,,
,,,,,
,,,,,
,,,,,
,,,,,
,,,,,
,,,,,
,,,,,
,,,,,
,,,,,
,,,,,
,,,,,
,,,,,
,,,,,
,,,,,
,,,,,
,,,,,
,,,,,
,,,,,
,,,,,
,,,,,
,,,,,
,,,,,
,,,,,
,,,,,
,,,,,
,,,,,
,,,,,
,,,,,
,,,,,
,,,,,
,,,,,
,,,,,
,,,,,
,,,,,
,,,,,
,,,,,
,,,,,
,,,,,
,,,,,
,,,,,
,,,,,
,,,,,
,,,,,
,,,,,
,,,,,
,,,,,
,,,,,
,,,,,
,,,,,
,,,,,
,,,,,
,,,,,
,,,,,
,,,,,
,,,,,
,,,,,
,,,,,
,,,,,
,,,,,
,,,,,
,,,,,
,,,,,
,,,,,
,,,,,
,,,,,
,,,,,
,,,,,
,,,,,
,,,,,
,,,,,
,,,,,
,,,,,
,,,,,
,,,,,
,,,,,
,,,,,
,,,,,
,,,,,
,,,,,
,,,,,
,,,,,
,,,,,
,,,,,
,,,,,
,,,,,
,,,,,
,,,,,
,,,,,
,,,,,
,,,,,
,,,,,
,,,,,
,,,,,
,,,,,
,,,,,
,,,,,
,,,,,
,,,,,
,,,,,
,,,,,
,,,,,
,,,,,
,,,,,
,,,,,
,,,,,
,,,,,
,,,,,
,,,,,
,,,,,
,,,,,
,,,,,
,,,,,
,,,,,
,,,,,
,,,,,
,,,,,
,,,,,
,,,,,
,,,,,
,,,,,
,,,,,
,,,,,
,,,,,
,,,,,
,,,,,
,,,,,
,,,,,
,,,,,
,,,,,
,,,,,
,,,,,
,,,,,
,,,,,
,,,,,
,,,,,
,,,,,
,,,,,
,,,,,
,,,,,
,,,,,
,,,,,
,,,,,
,,,,,
,,,,,
,,,,,
,,,,,
,,,,,
,,,,,
,,,,,
,,,,,
,,,,,
,,,,,
,,,,,
,,,,,
,,,,,
,,,,,
,,,,,
,,,,,
,,,,,
,,,,,
,,,,,
,,,,,
,,,,,
,,,,,
,,,,,
,,,,,
,,,,,
,,,,,
,,,,,
,,,,,
,,,,,
,,,,,
,,,,,
,,,,,
,,,,,
,,,,,
,,,,,
,,,,,
,,,,,
,,,,,
,,,,,
,,,,,
,,,,,
,,,,,
,,,,,
,,,,,
,,,,,
,,,,,
,,,,,
,,,,,
,,,,,
,,,,,
,,,,,
,,,,,
,,,,,
,,,,,
,,,,,
,,,,,
,,,,,
,,,,,
,,,,,
,,,,,
,,,,,
,,,,,
,,,,,
,,,,,
,,,,,
,,,,,
,,,,,
,,,,,
,,,,,
,,,,,
,,,,,
,,,,,
,,,,,
,,,,,
,,,,,
,,,,,
,,,,,
,,,,,
,,,,,
,,,,,
,,,,,
,,,,,
,,,,,
,,,,,
,,,,,
,,,,,
,,,,,
,,,,,
,,,,,
,,,,,
,,,,,
,,,,,
,,,,,
,,,,,
,,,,,
,,,,,
,,,,,
,,,,,
,,,,,
,,,,,
,,,,,
,,,,,
,,,,,
,,,,,
,,,,,
,,,,,
,,,,,
,,,,,
,,,,,
,,,,,
,,,,,
,,,,,
,,,,,
,,,,,
,,,,,
,,,,,
,,,,,
,,,,,
,,,,,
,,,,,
,,,,,
,,,,,
,,,,,
,,,,,
,,,,,
,,,,,
,,,,,
,,,,,
,,,,,
,,,,,
,,,,,
,,,,,
,,,,,
,,,,,
,,,,,
,,,,,
,,,,,
,,,,,
,,,,,
,,,,,
,,,,,
,,,,,
,,,,,
,,,,,
,,,,,
,,,,,
,,,,,
,,,,,
,,,,,
,,,,,
,,,,,
,,,,,
,,,,,
,,,,,
,,,,,
,,,,,
,,,,,
,,,,,
,,,,,
,,,,,
,,,,,
,,,,,
,,,,,
,,,,,
,,,,,
,,,,,
,,,,,
,,,,,
,,,,,
,,,,,
,,,,,
,,,,,
,,,,,
,,,,,
,,,,,
,,,,,
,,,,,
,,,,,
,,,,,
,,,,,
,,,,,
,,,,,
,,,,,
